57fba4647ce7e0b9e761f5765d80748e,Resource type=Repository,Type: Collection,Affordance: Is playable?,Purpose: Research,Scope: Genre,Scope: Artist,Scope: Formats=flac,Scope: MO type=Track,Scope: Object type=Audio,Access: Public,Access: license=Open Access,Access: Free/Charged=Free,Format: Interoperable?,Interface: Human consumption?,Interface: SPARQL endpoint?=N/A,Interface: Data Dump?,Interface: Is it queryable?,Interface: Browsable?,Collection: Size=<10000,Data size=UNKNOWN,Feature: Descriptive Metadata,Situation/Task=music listening,Target audience=listeners
7382ed9c43ed0a548be01ec22698715b,Resource type=Repository,Type: Collection,Purpose: Research,Scope: Artist,Scope: Formats=jpg,Scope: MO type=Score,Scope: Object type=Score,Access: Public,Access: license=Not specified,Access: Free/Charged=Free,Format: Interoperable?,Interface: Human consumption?,Interface: API?=N/A,Interface: SPARQL endpoint?=N/A,Interface: Data Dump?=N/A,Interface: Browsable?,Collection: Size=<100000,Data size=~Gb,Situation/Task=data visualization,Situation/Task=image annotation,Target audience=researchers
57d676798614b85c3d48d54b6d36740e,Resource type=Repository,Type: Collection,Purpose: Research,Scope: Temporal,Scope: Geographical,Scope: Genre,Scope: Formats=json,Scope: Formats=xml,Scope: MO type=Performance,Scope: Object type=Musical resource,Access: Public,Access: license=CC0,Access: Free/Charged=Free,Format: Interoperable?,Interface: SPARQL endpoint?=N/A,Interface: Data Dump?,Collection: Size=<100000,Data size=~Mb,Feature: Descriptive Metadata,Situation/Task=music history,Target audience=researchers
5d902297a36c51fbeae54bd4fe0d1675,Resource type=Repository,Purpose: Research,Scope: Formats=owl,Scope: Formats=py,Scope: Formats=rdf,Scope: MO type=MusicalWork,Scope: Object type=Musical resource,Access: Public,Access: license=CC0,Access: Free/Charged=Free,Format: Interoperable?,Interface: Human consumption?,Interface: API?,Interface: SPARQL endpoint?=N/A,Interface: Data Dump?,Interface: Is it queryable?,Interface: Browsable?,Collection: Size=N/A,Data size=N/A,Symbolic: Machine readable?,Feature: Melody,Feature: Harmony,Feature: Lyrics,Feature: Rhythm,Feature: Structure,Feature: Descriptive Metadata,Situation/Task=music annotation,Situation/Task=music information retrieval,Situation/Task=lod publication,Target audience=researchers
236fe1ec14aec1f7a323675879657bb8,Resource type=Repository,Type: Collection,Purpose: Research,Scope: Temporal,Scope: Artist,Scope: Formats=jpg,Scope: Formats=xml,Scope: MO type=Score,Scope: Object type=Score,Access: Public,Access: license=Open Access,Access: Free/Charged=Free,Format: Interoperable?,Interface: Human consumption?,Interface: SPARQL endpoint?=N/A,Interface: Data Dump?,Interface: Is it queryable?,Interface: Browsable?,Collection: Size=<10000,Data size=~Gb,Feature: Descriptive Metadata,Situation/Task=music history,Target audience=researchers
7175c33add13808f1b7f2aa897d91fcd,Resource type=Repository,Type: Collection,Purpose: Research,Scope: Temporal,Scope: Geographical,Scope: Formats=jpg,Scope: Formats=iiif,Scope: Formats=mets/xml,Scope: Formats=mods/xml,Scope: Formats=json,Scope: MO type=Score,Scope: Object type=Score,Access: Public,Access: license=Open Access,Access: Free/Charged=Free,Format: Interoperable?,Interface: Human consumption?,Interface: API?,Interface: SPARQL endpoint?=N/A,Interface: Data Dump?,Interface: Is it queryable?,Interface: Browsable?,Collection: Size=<10000,Data size=~Gb,Feature: Descriptive Metadata,Situation/Task=music history,Situation/Task=social history,Target audience=researchers
a45f40a45feb13b54041a873cf82e88a,Resource type=Repository,Type: Collection,Purpose: Research,Scope: Temporal,Scope: Formats=jpg,Scope: Formats=xml,Scope: MO type=Score,Scope: Object type=Score,Access: Public,Access: license=Open Access,Access: Free/Charged=Free,Format: Interoperable?,Interface: Human consumption?,Interface: SPARQL endpoint?=N/A,Interface: Data Dump?,Interface: Is it queryable?,Interface: Browsable?,Collection: Size=<10000,Data size=~Gb,Feature: Descriptive Metadata,Situation/Task=music history,Situation/Task=social history,Target audience=researchers
87337f59d0703b2f69dbd1c03723e482,Resource type=Repository,Type: Collection,Purpose: Research,Scope: Temporal,Scope: Geographical,Scope: Genre,Scope: Formats=jpg,Scope: Formats=xml,Scope: MO type=Score,Scope: Object type=Score,Access: Public,Access: license=Open Access,Access: Free/Charged=Free,Format: Interoperable?,Interface: Human consumption?,Interface: SPARQL endpoint?=N/A,Interface: Is it queryable?,Interface: Browsable?,Collection: Size=<100000,Data size=~Gb,Feature: Lyrics,Feature: Structure,Feature: Descriptive Metadata,Situation/Task=music history,Situation/Task=religious history,Target audience=researchers
ccfaedbfd79fed6e2fbf75a0020ca541,Resource type=Repository,Type: Collection,Purpose: Research,Scope: Temporal,Scope: Geographical,Scope: Genre,Scope: Formats=jpg,Scope: Formats=xml,Scope: MO type=Score,Scope: Object type=Score,Access: Public,Access: license=Open Access,Access: Free/Charged=Free,Format: Interoperable?,Interface: Human consumption?,Interface: SPARQL endpoint?=N/A,Interface: Data Dump?,Interface: Is it queryable?,Interface: Browsable?,Collection: Size=<10000,Data size=~Gb,Feature: Lyrics,Feature: Structure,Feature: Descriptive Metadata,Situation/Task=music history,Target audience=researchers
1aea44bec9eea2d88c99f452ebd64215,Resource type=Repository,Type: Collection,Affordance: Is playable?,Purpose: Learning,Scope: Formats=jpg,Scope: MO type=Score,Scope: Object type=Score,Access: Public,Access: license=Open Access,Access: Free/Charged=Free,Format: Interoperable?,Interface: Human consumption?,Interface: SPARQL endpoint?=N/A,Interface: Browsable?,Collection: Size=<1000,Data size=~Gb,Symbolic: Machine readable?,Feature: Descriptive Metadata,Situation/Task=music history,Target audience=scholars
d3d29b683701633120b2b28428482418,Resource type=Repository,Type: Collection,Affordance: Is playable?,Purpose: Learning,Scope: Temporal,Scope: Formats=pdf,Scope: MO type=Score,Scope: Object type=Score,Access: Public,Access: license=Copyright,Access: Free/Charged=Charged,Interface: Human consumption?,Interface: SPARQL endpoint?=N/A,Interface: Data Dump?,Interface: Is it queryable?,Interface: Browsable?,Collection: Size=UNKNOWN,Data size=UNKNOWN,Symbolic: Machine readable?,Feature: Descriptive Metadata,Situation/Task=music selling,Target audience=customers
5aa21f9382331e9df8f0dd7c050a4657,Resource type=Repository,Type: Collection,Purpose: Research,Scope: Temporal,Scope: Genre,Scope: Artist,Scope: Formats=pdf,Scope: Formats=xml,Scope: MO type=Score,Scope: Object type=Score,Access: Public,Access: license=CC-BY-NC,Access: Free/Charged=Free,Format: Interoperable?,Interface: Human consumption?,Interface: SPARQL endpoint?=N/A,Interface: Is it queryable?,Interface: Browsable?,Collection: Size=<10000,Data size=~Gb,Feature: Descriptive Metadata,Situation/Task=music history,Situation/Task=musicology,Target audience=researchers,Target audience=amateurs
150b572f8b7f28b7af7ec9c1ca478be3,Resource type=Repository,Type: Collection,Purpose: Research,Scope: Geographical,Scope: Genre,Scope: Artist,Scope: Formats=pdf,Scope: Formats=mets/xml,Scope: Formats=mods/xml,Scope: MO type=Score,Scope: Object type=Score,Access: Public,Access: license=Open Access,Access: Free/Charged=Free,Format: Interoperable?,Interface: Human consumption?,Interface: SPARQL endpoint?=N/A,Interface: Data Dump?,Interface: Is it queryable?,Interface: Browsable?,Collection: Size=<1000,Data size=~Gb,Feature: Descriptive Metadata,Situation/Task=music history,Situation/Task=musicology,Target audience=researchers
6fc85d180cc07919340a004588f8bdc9,Resource type=Repository,Type: Collection,Purpose: Research,Scope: Temporal,Scope: Geographical,Scope: Formats=pdf,Scope: Formats=mets/xml,Scope: Formats=mods/xml,Scope: MO type=Score,Scope: Object type=Score,Access: Public,Access: license=Open Access,Access: Free/Charged=Free,Format: Interoperable?,Interface: Human consumption?,Interface: SPARQL endpoint?=N/A,Interface: Data Dump?,Interface: Is it queryable?,Interface: Browsable?,Collection: Size=<100,Data size=~Mb,Feature: Descriptive Metadata,Situation/Task=music history,Situation/Task=musicology,Target audience=researchers
9ec506876b022ccca0e4c6a0dd9f1e8f,Resource type=Repository,Type: Collection,Purpose: Research,Scope: Temporal,Scope: Genre,Scope: Artist,Scope: Formats=pdf,Scope: MO type=Score,Scope: Object type=Score,Access: Public,Access: license=Open Access,Access: Free/Charged=Free,Interface: Human consumption?,Interface: SPARQL endpoint?=N/A,Interface: Is it queryable?,Interface: Browsable?,Collection: Size=<100000,Data size=~Gb,Feature: Descriptive Metadata,Situation/Task=music history,Situation/Task=musicology,Target audience=researchers
fb820bfc7dd6a9819c28a0df177ca5da,Resource type=Repository,Type: Collection,Purpose: Research,Scope: Temporal,Scope: Genre,Scope: Artist,Scope: Formats=jpg,Scope: Formats=tiff,Scope: MO type=Score,Scope: Object type=Score,Access: Public,Access: license=Open Access,Access: Free/Charged=Free,Format: Interoperable?,Interface: Human consumption?,Interface: SPARQL endpoint?=N/A,Interface: Browsable?,Collection: Size=<100000,Data size=~Gb,Feature: Descriptive Metadata,Situation/Task=music history,Situation/Task=musicology,Target audience=researchers
38dc00e5439ca620a07a0d74fcf1036c,Resource type=Repository,Type: Collection,Purpose: Research,Scope: Geographical,Scope: Genre,Scope: Formats=pdf,Scope: Formats=html,Scope: Formats=marcxml,Scope: MO type=Score,Scope: Object type=Score,Access: Public,Access: license=Open Access,Access: Free/Charged=Free,Format: Interoperable?,Interface: Human consumption?,Interface: SPARQL endpoint?=N/A,Interface: Data Dump?,Interface: Is it queryable?,Interface: Browsable?,Collection: Size=<10000,Data size=~Gb,Feature: Descriptive Metadata,Situation/Task=music history,Situation/Task=musicology,Target audience=researchers
acd54423885069368d3b87b2f83296d1,Resource type=Repository,Type: Collection,Purpose: Research,Scope: Temporal,Scope: Geographical,Scope: Formats=pdf,Scope: Formats=mei/xml,Scope: MO type=Score,Scope: Object type=Score,Access: Public,Access: license=Open Access,Access: Free/Charged=Free,Format: Interoperable?,Interface: Human consumption?,Interface: SPARQL endpoint?=N/A,Interface: Browsable?,Collection: Size=<100,Data size=~Gb,Feature: Melody,Feature: Harmony,Feature: Rhythm,Feature: Descriptive Metadata,Situation/Task=music history,Situation/Task=musicology,Target audience=researchers
8014c3794d75c55c0e55b9888fa3c6e8,Resource type=Repository,Type: Collection,Affordance: Is playable?,Purpose: Learning,Purpose: Research,Scope: Temporal,Scope: Genre,Scope: Artist,Scope: Formats=midi,Scope: Formats=kern,Scope: Formats=musedata,Scope: MO type=Score,Scope: Object type=Score,Access: Public,Access: license=Open Access,Access: Free/Charged=Free,Format: Interoperable?,Interface: Human consumption?,Interface: SPARQL endpoint?=N/A,Interface: Data Dump?,Interface: Browsable?,Collection: Size=<1000,Data size=~Mb,Symbolic: Machine readable?,Feature: Melody,Feature: Harmony,Feature: Rhythm,Feature: Descriptive Metadata,Situation/Task=music history,Situation/Task=musicology,Target audience=researchers,Target audience=scholars,Target audience=performers
c944045a7a75c0a2d1d3d3b35ea3c34a,Resource type=Repository,Type: Collection,Purpose: Research,Scope: Temporal,Scope: Geographical,Scope: Formats=jpg,Scope: Formats=mets/xml,Scope: MO type=Score,Scope: Object type=Score,Access: Public,Access: license=Open Access,Access: Free/Charged=Free,Format: Interoperable?,Interface: Human consumption?,Interface: SPARQL endpoint?=N/A,Interface: Data Dump?,Interface: Browsable?,Collection: Size=<10000,Data size=UNKNOWN,Feature: Descriptive Metadata,Situation/Task=music history,Situation/Task=musicology,Target audience=researchers
eec99af9b75e4dce6806620f02abed08,Resource type=Repository,Type: Collection,Purpose: Research,Scope: Temporal,Scope: Genre,Scope: Formats=jpg,Scope: Formats=pdf,Scope: MO type=Score,Scope: Object type=Score,Access: Public,Access: license=Open Access,Access: Free/Charged=Free,Format: Interoperable?,Interface: Human consumption?,Interface: SPARQL endpoint?=N/A,Interface: Data Dump?,Interface: Browsable?,Collection: Size=<100,Data size=UNKNOWN,Feature: Descriptive Metadata,Situation/Task=music history,Situation/Task=musicology,Target audience=researchers,Target audience=performers
2fa8a058725220e428775f461e837857,Resource type=Repository,Type: Collection,Purpose: Research,Scope: Temporal,Scope: Formats=xml,Scope: MO type=Score,Scope: Object type=Score,Access: Public,Access: license=Open Access,Access: Free/Charged=Free,Format: Interoperable?,Interface: Human consumption?,Interface: SPARQL endpoint?=N/A,Interface: Browsable?,Collection: Size=<100,Data size=UNKNOWN,Symbolic: Machine readable?,Feature: Melody,Feature: Harmony,Feature: Lyrics,Feature: Rhythm,Feature: Descriptive Metadata,Situation/Task=music history,Situation/Task=musicology,Target audience=researchers,Target audience=performers,Target audience=scholars,Target audience=amateurs
bc3f7d8278a8a2b3b6a2664ce4748e94,Resource type=Repository,Type: Collection,Purpose: Research,Scope: Temporal,Scope: Formats=iiif,Scope: Formats=jpg,Scope: MO type=Score,Scope: Object type=Score,Access: Public,Access: license=CC-BY-NC,Access: Free/Charged=Free,Format: Interoperable?,Interface: Human consumption?,Interface: API?,Interface: SPARQL endpoint?=N/A,Interface: Is it queryable?,Interface: Browsable?,Collection: Size=<10,Data size=~Mb,Feature: Descriptive Metadata,Situation/Task=music history,Situation/Task=musicology,Target audience=researchers,Target audience=performers
54ec9b78ceefb095d064e90fa08b184a,Resource type=Repository,Type: Collection,Purpose: Research,Scope: Geographical,Scope: Formats=pdf,Scope: MO type=Score,Scope: Object type=Score,Access: Public,Access: license=Open Access,Access: Free/Charged=Free,Interface: Human consumption?,Interface: SPARQL endpoint?=N/A,Interface: Data Dump?,Interface: Browsable?,Collection: Size=<10000,Data size=UNKNOWN,Situation/Task=music history,Target audience=researchers,Target audience=amateurs
b189c57f8a25355af8dbcec61c9de980,Resource type=Repository,Type: Collection,Purpose: Research,Scope: Temporal,Scope: Formats=iiif,Scope: Formats=jpg,Scope: MO type=Score,Scope: Object type=Score,Access: Public,Access: license=Open Access,Access: Free/Charged=Free,Format: Interoperable?,Interface: Human consumption?,Interface: API?,Interface: SPARQL endpoint?=N/A,Interface: Is it queryable?,Interface: Browsable?,Collection: Size=<100000,Data size=UNKNOWN,Feature: Descriptive Metadata,Situation/Task=music history,Situation/Task=musicology,Target audience=researchers
1aa2501dc1a3ad79e954a23d84bad3a9,Resource type=Repository,Type: Collection,Purpose: Research,Scope: Temporal,Scope: Genre,Scope: Formats=pdf,Scope: MO type=Score,Scope: Object type=Score,Access: Public,Access: license=Open Access,Access: Free/Charged=Free,Interface: Human consumption?,Interface: SPARQL endpoint?=N/A,Interface: Is it queryable?,Interface: Browsable?,Collection: Size=<10000,Data size=UNKNOWN,Feature: Descriptive Metadata,Situation/Task=music history,Situation/Task=musicology,Target audience=researchers
92cc6b3976cc5e0a0614694b4daacb6e,Resource type=Repository,Type: Collection,Purpose: Research,Scope: Formats=tei/xml,Scope: MO type=Score,Scope: Object type=Score,Access: Public,Access: license=CC-BY-NC,Access: Free/Charged=Free,Format: Interoperable?,Interface: Human consumption?,Interface: API?,Interface: SPARQL endpoint?=N/A,Interface: Is it queryable?,Interface: Browsable?,Collection: Size=<10000,Data size=UNKNOWN,Feature: Descriptive Metadata,Situation/Task=music history,Situation/Task=musicology,Target audience=researchers
091a3cfb82189019bf94f4a9cd07f158,Resource type=Repository,Type: Collection,Affordance: Is playable?,Purpose: Research,Scope: Formats=jpg,Scope: Formats=rdf,Scope: MO type=Score,Scope: Object type=Score,Access: Public,Access: license=CC0,Access: Free/Charged=Free,Format: Interoperable?,Interface: Human consumption?,Interface: API?,Interface: SPARQL endpoint?,SPARQL endpoint URI=http://sparql.europeana.eu/,Interface: Is it queryable?,Interface: Browsable?,Collection: Size=>1M,Data size=UNKNOWN,Feature: Descriptive Metadata,Situation/Task=data aggregation,Target audience=researchers
ac96032e23c8f7f4b4b93c2e571a79a8,Resource type=Repository,Type: Collection,Purpose: Research,Scope: Artist,Scope: Formats=pdf,Scope: Formats=jpg,Scope: Formats=html,Scope: Formats=mets/xml,Scope: MO type=Score,Scope: Object type=Score,Access: Public,Access: license=Open Access,Access: Free/Charged=Free,Format: Interoperable?,Interface: Human consumption?,Interface: SPARQL endpoint?=N/A,Interface: Data Dump?,Interface: Browsable?,Collection: Size=<100,Data size=UNKNOWN,Feature: Descriptive Metadata,Situation/Task=music history,Target audience=researchers
558bfc11cfd92868f62803af1032533d,Resource type=Repository,Type: Collection,Affordance: Is playable?,Purpose: Research,Scope: Temporal,Scope: Artist,Scope: Formats=gif,Scope: Formats=tiff,Scope: MO type=Score,Scope: Object type=Score,Access: Public,Access: license=Open Access,Access: Free/Charged=Free,Format: Interoperable?,Interface: Human consumption?,Interface: SPARQL endpoint?=N/A,Interface: Browsable?,Collection: Size=<1000,Data size=UNKNOWN,Feature: Descriptive Metadata,Situation/Task=music history,Situation/Task=musicology,Situation/Task=ethnography,Target audience=researchers
09237d4e9e09abc8b4a0d2070344b3b7,Resource type=Repository,Type: Collection,Affordance: Is playable?,Purpose: Learning,Scope: Formats=midi,Scope: Formats=mp3,Scope: Formats=pdf,Scope: Formats=lilypond,Scope: Formats=musicxml,Scope: Formats=finale,Scope: MO type=Score,Scope: Object type=Score,Access: Public,Access: license=CC0,Access: Free/Charged=Free,Format: Interoperable?,Interface: Human consumption?,Interface: SPARQL endpoint?=N/A,Interface: Data Dump?,Interface: Browsable?,Collection: Size=<100000,Data size=UNKNOWN,Symbolic: Machine readable?,Feature: Melody,Feature: Harmony,Feature: Lyrics,Feature: Rhythm,Feature: Descriptive Metadata,Situation/Task=music learning,Situation/Task=musicology,Target audience=researchers,Target audience=scholars,Target audience=performers
728f91b81d7adcfd449a4028d1e6a35a,Resource type=Repository,Type: Collection,Affordance: Is playable?,Purpose: Learning,Scope: Formats=musicxml,Scope: Formats=pdf,Scope: Formats=midi,Scope: Formats=finale,Scope: MO type=Score,Scope: Object type=Score,Access: Public,Access: license=Copyright,Access: Free/Charged=Charged,Format: Interoperable?,Interface: Human consumption?,Interface: SPARQL endpoint?=N/A,Interface: Data Dump?,Interface: Is it queryable?,Interface: Browsable?,Collection: Size=<100000,Data size=UNKNOWN,Symbolic: Machine readable?,Feature: Melody,Feature: Harmony,Feature: Lyrics,Feature: Rhythm,Feature: Descriptive Metadata,Situation/Task=music learning,Target audience=scholars,Target audience=performers
95baad33b1329a392936e3e52052aaed,Resource type=Repository,Type: Collection,Affordance: Is playable?,Purpose: Learning,Scope: Formats=musicxml,Scope: Formats=pdf,Scope: Formats=midi,Scope: Formats=mp3,Scope: Formats=musescore,Scope: MO type=Score,Scope: Object type=Score,Access: Public,Access: license=Open Access,Access: Free/Charged=Free,Format: Interoperable?,Interface: Human consumption?,Interface: SPARQL endpoint?=N/A,Interface: Data Dump?,Interface: Is it queryable?,Interface: Browsable?,Collection: Size=<1M,Data size=UNKNOWN,Symbolic: Machine readable?,Feature: Melody,Feature: Harmony,Feature: Lyrics,Feature: Rhythm,Feature: Descriptive Metadata,Situation/Task=music learning,Target audience=scholars,Target audience=performers
2bdebe9cfcdeff29c5809ab0241873b5,Resource type=Repository,Type: Collection,Affordance: Is playable?,Purpose: Learning,Scope: Formats=musicxml,Scope: Formats=pdf,Scope: Formats=finale,Scope: MO type=Score,Scope: Object type=Score,Access: Public,Access: license=CC0,Access: Free/Charged=Free,Format: Interoperable?,Interface: Human consumption?,Interface: SPARQL endpoint?=N/A,Interface: Data Dump?,Interface: Is it queryable?,Interface: Browsable?,Collection: Size=<1M,Data size=UNKNOWN,Symbolic: Machine readable?,Feature: Melody,Feature: Harmony,Feature: Lyrics,Feature: Rhythm,Feature: Descriptive Metadata,Situation/Task=music learning,Target audience=scholars,Target audience=performers
d793949b0629d2e72fa0603a499697a7,Resource type=Repository,Type: Collection,Affordance: Is playable?,Purpose: Learning,Scope: Geographical,Scope: Genre,Scope: Formats=midi,Scope: Formats=pdf,Scope: Formats=musicxml,Scope: MO type=Score,Scope: Object type=Score,Access: Public,Access: license=Open Access,Access: Free/Charged=Free,Format: Interoperable?,Interface: Human consumption?,Interface: SPARQL endpoint?=N/A,Interface: Data Dump?,Interface: Browsable?,Collection: Size=<1000,Data size=UNKNOWN,Symbolic: Machine readable?,Feature: Melody,Feature: Harmony,Feature: Lyrics,Feature: Rhythm,Situation/Task=music learning,Target audience=scholars,Target audience=performers
7b48aec9c65556c4f418eb6084d2fb13,Resource type=Repository,Type: Collection,Affordance: Is playable?,Purpose: Learning,Purpose: Research,Scope: Genre,Scope: Formats=pdf,Scope: Formats=midi,Scope: Formats=musicxml,Scope: MO type=Score,Scope: Object type=Score,Access: Public,Access: license=Open Access,Access: Free/Charged=Free,Format: Interoperable?,Interface: Human consumption?,Interface: SPARQL endpoint?=N/A,Interface: Data Dump?,Interface: Is it queryable?,Interface: Browsable?,Collection: Size=<1M,Data size=UNKNOWN,Symbolic: Machine readable?,Feature: Melody,Feature: Harmony,Feature: Lyrics,Feature: Rhythm,Feature: Descriptive Metadata,Situation/Task=data visualization,Situation/Task=musicology,Target audience=researchers,Target audience=scholars,Target audience=amateurs,Target audience=performers
55475c5f9531ea3717456161b24c556e,Resource type=Repository,Type: Collection,Affordance: Is playable?,Purpose: Research,Scope: Geographical,Scope: Genre,Scope: Formats=musicxml,Scope: Formats=mu2,Scope: Formats=midi,Scope: Formats=pdf,Scope: MO type=Score,Scope: Object type=Score,Access: Public,Access: license=Open Access,Access: Free/Charged=Free,Format: Interoperable?,Interface: SPARQL endpoint?=N/A,Interface: Data Dump?,Collection: Size=<1000,Data size=~Mb,Symbolic: Machine readable?,Feature: Melody,Feature: Harmony,Feature: Lyrics,Feature: Rhythm,Feature: Descriptive Metadata,Situation/Task=musicology,Target audience=researchers
11790321618b1e206e7982d1ed330314,Resource type=Repository,Type: Collection,Affordance: Is playable?,Purpose: Learning,Scope: Genre,Scope: Formats=musicxml,Scope: Formats=sibelius,Scope: Formats=mp3,Scope: Formats=pdf,Scope: MO type=Score,Scope: Object type=Score,Access: Public,Access: license=Not specified,Access: Free/Charged=Charged,Format: Interoperable?,Interface: Human consumption?,Interface: SPARQL endpoint?=N/A,Interface: Data Dump?,Interface: Browsable?,Collection: Size=<100,Data size=~Mb,Symbolic: Machine readable?,Feature: Melody,Feature: Harmony,Feature: Lyrics,Feature: Rhythm,Feature: Descriptive Metadata,Situation/Task=performance,Target audience=performers
405c89ee03b84b3696962546cbbd1f63,Resource type=Repository,Type: Collection,Affordance: Is playable?,Purpose: Learning,Scope: Geographical,Scope: Formats=musicxml,Scope: Formats=pdf,Scope: MO type=Score,Scope: Object type=Score,Access: Public,Access: license=Not specified,Access: Free/Charged=Charged,Format: Interoperable?,Interface: Human consumption?,Interface: SPARQL endpoint?=N/A,Interface: Data Dump?,Interface: Browsable?,Collection: Size=<10000,Data size=UNKNOWN,Symbolic: Machine readable?,Feature: Melody,Feature: Harmony,Feature: Lyrics,Feature: Rhythm,Feature: Descriptive Metadata,Situation/Task=performance,Situation/Task=music selling,Target audience=performers,Target audience=scholars
380eedc010af93d0cb33b91c3a480932,Resource type=Repository,Type: Collection,Affordance: Is playable?,Purpose: Learning,Purpose: Research,Scope: Geographical,Scope: Formats=musicxml,Scope: Formats=pdf,Scope: Formats=mp3,Scope: Formats=myr,Scope: MO type=Score,Scope: Object type=Score,Access: Public,Access: license=Open Access,Access: Free/Charged=Free,Format: Interoperable?,Interface: Human consumption?,Interface: SPARQL endpoint?=N/A,Interface: Data Dump?,Interface: Browsable?,Collection: Size=<100,Data size=~Mb,Symbolic: Machine readable?,Feature: Melody,Feature: Harmony,Feature: Lyrics,Feature: Rhythm,Feature: Descriptive Metadata,Situation/Task=performance,Situation/Task=musicology,Situation/Task=music history,Target audience=performers,Target audience=researchers
b85dc9909f932c3e1ebe210e04e66284,Resource type=Repository,Type: Collection,Affordance: Is playable?,Purpose: Learning,Purpose: Research,Scope: Genre,Scope: Formats=musicxml,Scope: Formats=pdf,Scope: Formats=midi,Scope: Formats=video,Scope: MO type=Score,Scope: Object type=Score,Access: Public,Access: license=Open Access,Access: Free/Charged=Free,Format: Interoperable?,Interface: Human consumption?,Interface: SPARQL endpoint?=N/A,Interface: Data Dump?,Interface: Is it queryable?,Interface: Browsable?,Collection: Size=<1000,Data size=UNKNOWN,Symbolic: Machine readable?,Feature: Melody,Feature: Harmony,Feature: Lyrics,Feature: Rhythm,Feature: Descriptive Metadata,Situation/Task=performance,Situation/Task=musicology,Situation/Task=music history,Situation/Task=music learning,Target audience=performers,Target audience=researchers
405d1993896854e403e2123a4f6467bf,Resource type=Repository,Type: Collection,Affordance: Is playable?,Purpose: Learning,Purpose: Research,Scope: Formats=musicxml,Scope: MO type=Score,Scope: Object type=Score,Access: Public,Access: license=GNU-FDL,Access: Free/Charged=Free,Format: Interoperable?,Interface: Human consumption?,Interface: SPARQL endpoint?=N/A,Interface: Data Dump?,Interface: Is it queryable?,Interface: Browsable?,Collection: Size=<1000,Data size=~Mb,Symbolic: Machine readable?,Feature: Melody,Feature: Harmony,Feature: Lyrics,Feature: Rhythm,Feature: Descriptive Metadata,Situation/Task=performance,Situation/Task=musicology,Situation/Task=music history,Situation/Task=music learning,Target audience=performers,Target audience=researchers
dce09d24af5e26dd1aceedb6566013df,Resource type=Repository,Type: Collection,Affordance: Is playable?,Purpose: Research,Scope: Genre,Scope: Formats=musicxml,Scope: Formats=finale,Scope: MO type=Score,Scope: Object type=Score,Access: Public,Access: license=Open Access,Access: Free/Charged=Free,Format: Interoperable?,Interface: SPARQL endpoint?=N/A,Interface: Data Dump?,Interface: Browsable?,Collection: Size=<100,Data size=~Mb,Symbolic: Machine readable?,Feature: Melody,Feature: Harmony,Feature: Lyrics,Feature: Rhythm,Situation/Task=performance,Situation/Task=musicology,Situation/Task=music history,Target audience=performers,Target audience=researchers
651fa079d058b7fa75667ea43ad1b46d,Resource type=Repository,Type: Collection,Affordance: Is playable?,Purpose: Learning,Scope: Genre,Scope: Formats=musicxml,Scope: Formats=musescore,Scope: Formats=mp3,Scope: Formats=pdf,Scope: MO type=Score,Scope: Object type=Score,Access: Public,Access: license=Open Access,Access: Free/Charged=Free,Format: Interoperable?,Interface: Human consumption?,Interface: SPARQL endpoint?=N/A,Interface: Browsable?,Collection: Size=<100,Data size=~Mb,Symbolic: Machine readable?,Feature: Melody,Feature: Harmony,Feature: Lyrics,Feature: Rhythm,Situation/Task=performance,Situation/Task=music learning,Target audience=performers,Target audience=scholars
1a652d2b0bdf7121346bdba0cd60700e,Resource type=Repository,Type: Collection,Affordance: Is playable?,Purpose: Learning,Scope: Genre,Scope: Formats=midi,Scope: Formats=musicxml,Scope: Formats=pdf,Scope: Formats=noteworthy,Scope: MO type=Score,Scope: Object type=Score,Access: Public,Access: license=Open Access,Access: Free/Charged=Free,Format: Interoperable?,Interface: Human consumption?,Interface: SPARQL endpoint?=N/A,Interface: Data Dump?,Interface: Browsable?,Collection: Size=<10000,Data size=UNKNOWN,Symbolic: Machine readable?,Feature: Melody,Feature: Harmony,Feature: Lyrics,Feature: Rhythm,Feature: Structure,Feature: Descriptive Metadata,Situation/Task=performance,Situation/Task=music learning,Target audience=performers,Target audience=scholars
c3bd98c5cac2a3400190ed941334d877,Resource type=Repository,Type: Collection,Affordance: Is playable?,Purpose: Learning,Scope: Genre,Scope: Formats=cap/xml,Scope: Formats=midi,Scope: Formats=pdf,Scope: Formats=html,Scope: Formats=musicxml,Scope: MO type=Score,Scope: Object type=Score,Access: Public,Access: license=Open Access,Access: Free/Charged=Free,Format: Interoperable?,Interface: Human consumption?,Interface: SPARQL endpoint?=N/A,Interface: Data Dump?,Interface: Is it queryable?,Interface: Browsable?,Collection: Size=<10000,Data size=UNKNOWN,Symbolic: Machine readable?,Feature: Melody,Feature: Harmony,Feature: Lyrics,Feature: Rhythm,Feature: Structure,Feature: Descriptive Metadata,Situation/Task=performance,Situation/Task=music learning,Target audience=performers,Target audience=scholars
a6cbb3f54a9ca34c8c81a8e70e660267,Resource type=Repository,Type: Collection,Affordance: Is playable?,Purpose: Learning,Scope: MO type=Score,Scope: Object type=Score,Access: Public,Access: license=Not specified,Access: Free/Charged=Charged,Format: Interoperable?,Interface: Human consumption?,Interface: SPARQL endpoint?=N/A,Interface: Data Dump?,Interface: Is it queryable?,Interface: Browsable?,Collection: Size=<10000,Data size=UNKNOWN,Symbolic: Machine readable?,Feature: Melody,Feature: Harmony,Feature: Lyrics,Feature: Rhythm,Feature: Structure,Feature: Descriptive Metadata,Situation/Task=performance,Situation/Task=music learning,Situation/Task=music selling,Target audience=performers,Target audience=scholars
587d2bf334b771d3eb79c53df69fdfa3,Resource type=Repository,Type: Collection,Affordance: Is playable?,Purpose: Learning,Scope: Genre,Scope: Formats=midi,Scope: Formats=finale,Scope: MO type=Score,Scope: Object type=Score,Access: Public,Access: license=Not specified,Access: Free/Charged=Free,Format: Interoperable?,Interface: SPARQL endpoint?=N/A,Interface: Data Dump?,Interface: Browsable?,Collection: Size=<1000,Data size=UNKNOWN,Symbolic: Machine readable?,Feature: Melody,Feature: Harmony,Feature: Lyrics,Feature: Rhythm,Situation/Task=performance,Situation/Task=music learning,Target audience=performers,Target audience=scholars
78dcc454f65968b57765020714858734,Resource type=Repository,Type: Collection,Purpose: Learning,Scope: Formats=xml,Scope: Formats=rdf,Scope: Formats=pdf,Scope: MO type=Score,Scope: Object type=Score,Access: Public,Access: license=Open Access,Access: Free/Charged=Free,Format: Interoperable?,Interface: Human consumption?,Interface: Data Dump?,Interface: Browsable?,Collection: Size=<10000,Data size=UNKNOWN,Feature: Descriptive Metadata,Situation/Task=performance,Situation/Task=music learning,Target audience=performers,Target audience=scholars
67bec79c9a054dc37e13face8ca5f438,Resource type=Repository,Type: Collection,Purpose: Research,Scope: Geographical,Scope: Formats=jpg,Scope: Formats=mods/xml,Scope: Formats=json,Scope: Formats=csv,Scope: MO type=Score,Scope: Object type=Score,Access: Public,Access: license=CC0,Access: Free/Charged=Free,Format: Interoperable?,Interface: Human consumption?,Interface: API?,Interface: SPARQL endpoint?=N/A,Interface: Data Dump?,Interface: Browsable?,Collection: Size=<10000,Data size=UNKNOWN,Feature: Descriptive Metadata,Situation/Task=music history,Target audience=researchers
c162f5b2dbc2ee2d304518a0bdf986cf,Resource type=Repository,Type: Collection,Affordance: Is playable?,Purpose: Research,Scope: Geographical,Scope: Formats=pdf,Scope: Formats=tiff,Scope: Formats=jpg,Scope: Formats=mp3,Scope: MO type=Score,Scope: Object type=Score,Access: Public,Access: license=Not specified,Access: Free/Charged=Free,Format: Interoperable?,Interface: Human consumption?,Interface: SPARQL endpoint?=N/A,Interface: Data Dump?,Interface: Is it queryable?,Interface: Browsable?,Collection: Size=<100000,Data size=UNKNOWN,Feature: Descriptive Metadata,Situation/Task=music history,Situation/Task=music learning,Target audience=researchers,Target audience=scholars
79e8954f4b0bc004e3ed8e5ea91bf7b4,Resource type=Repository,Type: Collection,Affordance: Is playable?,Purpose: Learning,Scope: MO type=Score,Scope: Object type=Score,Access: license=Copyright,Access: Free/Charged=Charged,Interface: Human consumption?,Interface: SPARQL endpoint?=N/A,Interface: Data Dump?,Interface: Is it queryable?,Interface: Browsable?,Collection: Size=>1M,Data size=UNKNOWN,Situation/Task=performanceperformance,Situation/Task=music selling,Target audience=performers,Target audience=scholars
b1e1f6904b0f5f166fc009f845811e44,Resource type=Repository,Type: Collection,Affordance: Is playable?,Purpose: Learning,Scope: MO type=Score,Scope: Object type=Score,Access: license=Copyright,Access: Free/Charged=Charged,Interface: Human consumption?,Interface: SPARQL endpoint?=N/A,Interface: Data Dump?,Interface: Is it queryable?,Interface: Browsable?,Collection: Size=<1M,Data size=UNKNOWN,Situation/Task=performance,Situation/Task=music selling,Target audience=performers,Target audience=scholars
fbf9f92f4c51b09ac7304479aa87e36f,Resource type=Repository,Type: Collection,Purpose: Learning,Scope: Temporal,Scope: Geographical,Scope: Formats=pdf,Scope: MO type=Score,Scope: Object type=Score,Access: license=CC0,Access: Free/Charged=Charged,Interface: Human consumption?,Interface: SPARQL endpoint?=N/A,Interface: Data Dump?,Interface: Browsable?,Collection: Size=UNKNOWN,Data size=UNKNOWN,Feature: Descriptive Metadata,Situation/Task=performance,Situation/Task=music learning,Target audience=performers,Target audience=scholars
34d4054cf5d5c6cdb6b04644dc1bcb2f,Resource type=Repository,Type: Collection,Affordance: Is playable?,Purpose: Learning,Scope: Formats=pdf,Scope: Formats=mp3,Scope: Formats=midi,Scope: MO type=Score,Scope: Object type=Score,Access: Public,Access: license=Open Access,Access: Free/Charged=Free,Interface: Human consumption?,Interface: SPARQL endpoint?=N/A,Interface: Data Dump?,Interface: Is it queryable?,Interface: Browsable?,Collection: Size=<1M,Data size=UNKNOWN,Feature: Lyrics,Feature: Descriptive Metadata,Situation/Task=performance,Situation/Task=music learning,Target audience=performers,Target audience=scholars
d681f1aa42bb1232531ea0e549f8fd58,Resource type=Repository,Type: Collection,Purpose: Research,Scope: Artist,Scope: Formats=pdf,Scope: MO type=Score,Scope: Object type=Score,Access: Public,Access: license=Open Access,Access: Free/Charged=Free,Interface: Human consumption?,Interface: SPARQL endpoint?=N/A,Interface: Data Dump?,Interface: Browsable?,Collection: Size=<100,Data size=~Mb,Feature: Descriptive Metadata,Situation/Task=music history,Situation/Task=musicology,Target audience=researchers
b9fb7f918eb28b349754625879f7b8e6,Resource type=Repository,Type: Collection,Purpose: Research,Scope: Artist,Scope: Formats=pdf,Scope: MO type=Score,Scope: Object type=Score,Access: Public,Access: license=Open Access,Access: Free/Charged=Free,Interface: Human consumption?,Interface: SPARQL endpoint?=N/A,Interface: Data Dump?,Interface: Browsable?,Collection: Size=UNKNOWN,Data size=UNKNOWN,Feature: Descriptive Metadata,Situation/Task=music history,Situation/Task=musicology,Target audience=researchers
0e17de2eaa6857fa9dc21df6d0a9947f,Resource type=Repository,Type: Collection,Purpose: Research,Scope: Artist,Scope: Formats=sibelius,Scope: MO type=Score,Scope: Object type=Score,Access: Public,Access: license=Open Access,Access: Free/Charged=Free,Interface: Human consumption?,Interface: SPARQL endpoint?=N/A,Interface: Browsable?,Collection: Size=<100,Data size=~Mb,Feature: Descriptive Metadata,Situation/Task=music history,Situation/Task=musicology,Target audience=researchers
b895bd89eccbf5185495911efecbedf5,Resource type=Repository,Type: Collection,Affordance: Is playable?,Purpose: Research,Scope: Temporal,Scope: Geographical,Scope: Genre,Scope: Formats=jpg,Scope: MO type=Score,Scope: Object type=Score,Access: Public,Access: license=Open Access,Access: Free/Charged=Free,Format: Interoperable?,Interface: Human consumption?,Interface: SPARQL endpoint?=N/A,Interface: Data Dump?,Interface: Is it queryable?,Interface: Browsable?,Collection: Size=<100000,Data size=~Gb,Symbolic: Machine readable?,Feature: Melody,Feature: Descriptive Metadata,Situation/Task=music history,Situation/Task=musicology,Situation/Task=cultural studies,Target audience=researchers
3c33fb2c177d0b95238955fcd384b162,Resource type=Repository,Type: Collection,Purpose: Research,Scope: Artist,Scope: Formats=pdf,Scope: Formats=mets/xml,Scope: Formats=mods/xml,Scope: MO type=Score,Scope: Object type=Score,Access: Public,Access: license=Open Access,Access: Free/Charged=Free,Format: Interoperable?,Interface: Human consumption?,Interface: SPARQL endpoint?=N/A,Interface: Data Dump?,Interface: Is it queryable?,Interface: Browsable?,Collection: Size=<100,Data size=~Gb,Feature: Descriptive Metadata,Situation/Task=music history,Situation/Task=musicology,Target audience=researchers
0bfd0a469277cb96550176bda2793f22,Resource type=Repository,Type: Collection,Affordance: Is playable?,Purpose: Research,Scope: Artist,Scope: Formats=midi,Scope: Formats=pdf,Scope: MO type=Score,Scope: Object type=Score,Access: Public,Access: license=Open Access,Access: Free/Charged=Free,Interface: Human consumption?,Interface: SPARQL endpoint?=N/A,Interface: Data Dump?,Interface: Browsable?,Collection: Size=<100,Data size=UNKNOWN,Feature: Descriptive Metadata,Situation/Task=music history,Situation/Task=musicology,Target audience=researchers
a3b5d0b11a25766f051796a25631653b,Resource type=Repository,Type: Collection,Purpose: Research,Scope: Temporal,Scope: Geographical,Scope: Genre,Scope: Formats=pdf,Scope: MO type=Score,Scope: Object type=Score,Access: Public,Access: license=Open Access,Access: Free/Charged=Free,Interface: Human consumption?,Interface: SPARQL endpoint?=N/A,Interface: Data Dump?,Interface: Is it queryable?,Interface: Browsable?,Collection: Size=<10000,Data size=UNKNOWN,Feature: Descriptive Metadata,Situation/Task=music history,Situation/Task=musicology,Target audience=researchers
ad0bb2c5303a4e1d06b75fc515a344c2,Resource type=Repository,Type: Collection,Purpose: Research,Scope: Formats=pdf,Scope: MO type=Score,Scope: Object type=Score,Access: Public,Access: license=Open Access,Access: Free/Charged=Free,Interface: Human consumption?,Interface: SPARQL endpoint?=N/A,Interface: Is it queryable?,Interface: Browsable?,Collection: Size=<1000,Data size=UNKNOWN,Feature: Descriptive Metadata,Situation/Task=music history,Situation/Task=musicology,Target audience=researchers
d4acc199aed965ab86cb453f7eb8ba3f,Resource type=Repository,Type: Collection,Purpose: Research,Scope: Temporal,Scope: Geographical,Scope: Genre,Scope: Formats=pdf,Scope: MO type=Score,Scope: Object type=Score,Access: Public,Access: license=CC-BY-SA,Access: Free/Charged=Free,Interface: Human consumption?,Interface: SPARQL endpoint?=N/A,Interface: Data Dump?,Interface: Browsable?,Collection: Size=<10000,Data size=UNKNOWN,Feature: Descriptive Metadata,Situation/Task=music history,Situation/Task=musicology,Target audience=researchers
238ae03523db3c0676c973ff937479e5,Resource type=Repository,Type: Collection,Purpose: Research,Scope: Geographical,Scope: Formats=pdf,Scope: Formats=mods/xml,Scope: MO type=Score,Scope: Object type=Score,Access: Public,Access: license=Copyright,Access: Free/Charged=Free,Format: Interoperable?,Interface: Human consumption?,Interface: API?,Interface: SPARQL endpoint?=N/A,Interface: Data Dump?,Interface: Browsable?,Collection: Size=<1M,Data size=UNKNOWN,Feature: Descriptive Metadata,Situation/Task=music history,Situation/Task=musicology,Target audience=researchers
e125a0927bda4cfef55027056d360fdb,Resource type=Repository,Type: Collection,Purpose: Research,Scope: Geographical,Scope: Genre,Scope: Formats=pdf,Scope: Formats=marcxml,Scope: MO type=Score,Scope: Object type=Score,Access: Public,Access: license=Open Access,Access: Free/Charged=Free,Format: Interoperable?,Interface: Human consumption?,Interface: SPARQL endpoint?=N/A,Interface: Data Dump?,Interface: Is it queryable?,Interface: Browsable?,Collection: Size=<10000,Data size=~Gb,Feature: Descriptive Metadata,Situation/Task=music history,Situation/Task=musicology,Target audience=researchers
a1a4feaef053c34893d65455061375a1,Resource type=Repository,Type: Collection,Purpose: Research,Scope: Geographical,Scope: Formats=pdf,Scope: MO type=Score,Scope: Object type=Score,Access: Public,Access: license=Open Access,Access: Free/Charged=Free,Interface: Human consumption?,Interface: SPARQL endpoint?=N/A,Interface: Data Dump?,Interface: Browsable?,Collection: Size=<100,Data size=UNKNOWN,Feature: Descriptive Metadata,Situation/Task=music history,Situation/Task=musicology,Situation/Task=social studies,Target audience=researchers
82fa10389b1e3f4ba8f9e6a6771cc9b1,Resource type=Repository,Type: Collection,Purpose: Research,Scope: Geographical,Scope: Formats=pdf,Scope: MO type=Score,Scope: Object type=Score,Access: Public,Access: license=Open Access,Access: Free/Charged=Free,Interface: Human consumption?,Interface: SPARQL endpoint?=N/A,Interface: Data Dump?,Interface: Is it queryable?,Interface: Browsable?,Collection: Size=<10000,Data size=UNKNOWN,Feature: Descriptive Metadata,Situation/Task=music history,Situation/Task=musicology,Target audience=researchers
f997ee72e47ce94a25d828759c6df63f,Resource type=Repository,Type: Collection,Purpose: Research,Scope: Artist,Scope: Formats=jpg,Scope: Formats=tiff,Scope: Formats=mets/xml,Scope: Formats=mods/xml,Scope: MO type=MusicArtist,Access: Public,Access: license=Open Access,Access: Free/Charged=Free,Format: Interoperable?,Interface: Human consumption?,Interface: SPARQL endpoint?=N/A,Interface: Data Dump?,Interface: Is it queryable?,Interface: Browsable?,Collection: Size=<100,Data size=~Gb,Feature: Descriptive Metadata,Situation/Task=music history,Situation/Task=musicology,Target audience=researchers
79561484c86b35f0c77ad2935aaa014f,Resource type=Repository,Type: Collection,Purpose: Research,Scope: Artist,Scope: Formats=jpg,Scope: MO type=Score,Scope: Object type=Score,Access: Public,Access: license=Copyright,Access: Free/Charged=Free and Charged,Format: Interoperable?,Interface: Human consumption?,Interface: SPARQL endpoint?=N/A,Interface: Is it queryable?,Interface: Browsable?,Collection: Size=<100,Data size=N/A,Feature: Descriptive Metadata,Situation/Task=music history,Situation/Task=musicology,Target audience=researchers,Target audience=scholars,Target audience=amateurs
3e7c6d64a3d0ae4276582f4d4630d666,Resource type=Repository,Type: Collection,Purpose: Research,Scope: Formats=jpg,Scope: MO type=Score,Scope: Object type=Score,Access: Public,Access: license=Not specified,Access: Free/Charged=Free,Format: Interoperable?,Interface: Human consumption?,Interface: SPARQL endpoint?=N/A,Interface: Is it queryable?,Interface: Browsable?,Collection: Size=<1000,Data size=N/A,Feature: Descriptive Metadata,Situation/Task=music history,Situation/Task=musicology,Target audience=researchers,Target audience=scholars,Target audience=amateurs
a7b5f8510bebdd2e461380d2b54f10fc,Resource type=Repository,Type: Collection,Affordance: Is playable?,Purpose: Research,Scope: Geographical,Scope: Artist,Scope: Formats=mp3,Scope: MO type=Signal,Scope: Object type=Audio,Access: Public,Access: license=Open Access,Access: Free/Charged=Free,Format: Interoperable?,Interface: Human consumption?,Interface: SPARQL endpoint?=N/A,Interface: Data Dump?,Interface: Browsable?,Collection: Size=<1000,Data size=~Mb,Feature: Lyrics,Feature: Descriptive Metadata,Situation/Task=music history,Situation/Task=musicology,Target audience=researchers,Target audience=scholars,Target audience=amateurs,Target audience=performers
60b4dcb2e5d8860eb3bebdf8f0ec1f08,Resource type=Repository,Type: Collection,Purpose: Research,Scope: Artist,Scope: Formats=pdf,Scope: MO type=Score,Scope: Object type=Score,Access: Public,Access: license=Copyright,Access: Free/Charged=Free,Interface: Human consumption?,Interface: SPARQL endpoint?=N/A,Interface: Browsable?,Collection: Size=<100,Data size=UNKNOWN,Feature: Descriptive Metadata,Situation/Task=music history,Situation/Task=musicology,Target audience=researchers
7b11e19b3a770c787479bedda92788a6,Resource type=Repository,Type: Collection,Purpose: Research,Scope: Temporal,Scope: Formats=pdf,Scope: MO type=Score,Scope: Object type=Score,Access: Public,Access: license=CC0,Access: Free/Charged=Free,Interface: Human consumption?,Interface: SPARQL endpoint?=N/A,Interface: Data Dump?,Interface: Is it queryable?,Interface: Browsable?,Collection: Size=<100,Data size=~Mb,Feature: Descriptive Metadata,Situation/Task=music history,Situation/Task=musicology,Target audience=researchers
1433ce43a7e33d62a960c8433a4699a4,Resource type=Repository,Type: Collection,Purpose: Research,Scope: Temporal,Scope: Genre,Scope: Formats=pdf,Scope: MO type=Score,Scope: Object type=Score,Access: Public,Access: license=CC0,Access: Free/Charged=Free,Interface: Human consumption?,Interface: SPARQL endpoint?=N/A,Interface: Is it queryable?,Interface: Browsable?,Collection: Size=<1000,Data size=~Mb,Symbolic: Machine readable?,Feature: Melody,Feature: Descriptive Metadata,Situation/Task=music history,Situation/Task=musicology,Target audience=researchers
84e909ea4d7143b7e20013da6a5e5a8b,Resource type=Repository,Type: Collection,Purpose: Research,Scope: Genre,Scope: Formats=pdf,Scope: MO type=Score,Scope: Object type=Score,Access: Public,Access: license=Open Access,Access: Free/Charged=Free,Interface: Human consumption?,Interface: SPARQL endpoint?=N/A,Interface: Data Dump?,Interface: Is it queryable?,Interface: Browsable?,Collection: Size=<1000,Data size=~Gb,Feature: Descriptive Metadata,Situation/Task=music history,Situation/Task=musicology,Target audience=researchers
dcc8ed5e93ff37a78dece3d52047a55a,Resource type=Repository,Type: Collection,Purpose: Research,Scope: Geographical,Scope: Formats=pdf,Scope: Formats=marcxml,Scope: MO type=Score,Scope: Object type=Score,Access: Public,Access: license=CC-BY-NC-SA,Access: Free/Charged=Free,Format: Interoperable?,Interface: Human consumption?,Interface: SPARQL endpoint?=N/A,Interface: Data Dump?,Interface: Is it queryable?,Interface: Browsable?,Collection: Size=<1000,Data size=~Gb,Feature: Descriptive Metadata,Situation/Task=music history,Situation/Task=musicology,Target audience=researchers
4aacfffc3f3620f07b0a73b11a1f05f5,Resource type=Repository,Type: Collection,Purpose: Research,Scope: Temporal,Scope: Formats=jpg,Scope: MO type=Score,Scope: Object type=Score,Access: Public,Access: license=Copyright,Access: Free/Charged=Free,Format: Interoperable?,Interface: Human consumption?,Interface: SPARQL endpoint?=N/A,Interface: Data Dump?,Interface: Is it queryable?,Interface: Browsable?,Collection: Size=<1000,Data size=~Gb,Feature: Descriptive Metadata,Situation/Task=music history,Situation/Task=musicology,Target audience=researchers
e2ba10a0d77319fe4b360ca9a927f044,Resource type=Repository,Type: Collection,Purpose: Research,Scope: Geographical,Scope: Formats=pdf,Scope: Formats=marcxml,Scope: MO type=Score,Scope: Object type=Score,Access: Public,Access: license=Open Access,Access: Free/Charged=Free,Format: Interoperable?,Interface: Human consumption?,Interface: API?,Interface: SPARQL endpoint?=N/A,Interface: Data Dump?,Interface: Is it queryable?,Interface: Browsable?,Collection: Size=<100,Data size=~Gb,Feature: Descriptive Metadata,Situation/Task=music history,Situation/Task=musicology,Target audience=researchers
7a57553f7c4f73c0745b97df6564a702,Resource type=Repository,Type: Collection,Affordance: Is playable?,Scope: MO type=MusicalWork,Scope: Object type=Audio,Access: license=Copyright,Access: Free/Charged=Free,Interface: Human consumption?,Interface: SPARQL endpoint?=N/A,Collection: Size=<10000,Data size=UNKNOWN,Situation/Task=music listening,Target audience=amateurs
cdfc6f837bf132da65c3f2e91e70cfec,Resource type=Repository,Type: Collection,Purpose: Research,Scope: Formats=pdf,Scope: Formats=marcxml,Scope: MO type=Score,Scope: Object type=Score,Access: Public,Access: license=Open Access,Access: Free/Charged=Free,Format: Interoperable?,Interface: Human consumption?,Interface: SPARQL endpoint?=N/A,Interface: Data Dump?,Interface: Is it queryable?,Interface: Browsable?,Collection: Size=<1M,Data size=UNKNOWN,Feature: Descriptive Metadata,Situation/Task=music history,Situation/Task=musicology,Target audience=researchers
476903589c93aa0e17a7be43ceeb0f57,Resource type=Repository,Type: Collection,Purpose: Research,Scope: Geographical,Scope: Formats=pdf,Scope: MO type=Score,Scope: Object type=Score,Access: Public,Access: license=CC0,Access: Free/Charged=Free,Interface: Human consumption?,Interface: SPARQL endpoint?=N/A,Interface: Data Dump?,Interface: Browsable?,Collection: Size=<10000,Data size=UNKNOWN,Feature: Descriptive Metadata,Situation/Task=music history,Situation/Task=musicology,Target audience=researchers
6c17b342e94a65de52b0b85871c90bde,Resource type=Repository,Type: Collection,Purpose: Research,Scope: Temporal,Scope: Geographical,Scope: Genre,Scope: Formats=pdf,Scope: MO type=Score,Scope: Object type=Score,Access: Public,Access: license=Open Access,Access: Free/Charged=Free,Interface: Human consumption?,Interface: SPARQL endpoint?=N/A,Interface: Is it queryable?,Interface: Browsable?,Collection: Size=<1000,Data size=UNKNOWN,Feature: Descriptive Metadata,Situation/Task=music history,Situation/Task=musicology,Target audience=researchers
2140e24f643d52fcc80a45e3f94a21f6,Resource type=Repository,Type: Collection,Purpose: Research,Scope: Artist,Scope: Formats=jpg,Scope: MO type=Score,Scope: Object type=Score,Access: Public,Access: license=Open Access,Access: Free/Charged=Free,Format: Interoperable?,Interface: Human consumption?,Interface: SPARQL endpoint?=N/A,Interface: Browsable?,Collection: Size=<1000,Data size=UNKNOWN,Feature: Descriptive Metadata,Situation/Task=music history,Situation/Task=musicology,Target audience=researchers
7f570104cdb619609a9f4f294b6df060,Resource type=Repository,Type: Collection,Purpose: Research,Scope: Artist,Scope: Formats=pdf,Scope: Formats=mets/xml,Scope: MO type=Score,Scope: Object type=Score,Access: Public,Access: license=CC0,Access: Free/Charged=Free,Format: Interoperable?,Interface: Human consumption?,Interface: API?,Interface: SPARQL endpoint?=N/A,Interface: Browsable?,Collection: Size=<100,Data size=UNKNOWN,Feature: Descriptive Metadata,Situation/Task=music history,Situation/Task=musicology,Target audience=researchers
e125ed5620439b9816b186d55791861f,Resource type=Repository,Type: Collection,Purpose: Research,Scope: Formats=pdf,Scope: MO type=Score,Scope: Object type=Score,Access: Public,Access: license=CC0,Access: Free/Charged=Free,Interface: Human consumption?,Interface: SPARQL endpoint?=N/A,Interface: Data Dump?,Interface: Is it queryable?,Interface: Browsable?,Collection: Size=<100000,Data size=UNKNOWN,Feature: Descriptive Metadata,Situation/Task=music history,Situation/Task=musicology,Target audience=researchers
24c631cc7c7c8304e0fb23522ad00454,Resource type=Repository,Type: Collection,Purpose: Research,Scope: Geographical,Scope: Genre,Scope: Formats=jpg,Scope: MO type=Score,Scope: Object type=Score,Access: Public,Access: license=Copyright,Access: Free/Charged=Free,Format: Interoperable?,Interface: Human consumption?,Interface: SPARQL endpoint?=N/A,Interface: Is it queryable?,Interface: Browsable?,Collection: Size=<100000,Data size=UNKNOWN,Symbolic: Machine readable?,Feature: Melody,Feature: Descriptive Metadata,Situation/Task=music history,Situation/Task=musicology,Target audience=researchers
048bbebf7d30dd845097bde73e5a159f,Resource type=Repository,Type: Collection,Purpose: Research,Scope: Formats=pdf,Scope: Formats=marcxml,Scope: MO type=Score,Scope: Object type=Score,Access: Public,Access: license=Open Access,Access: Free/Charged=Free,Format: Interoperable?,Interface: Human consumption?,Interface: SPARQL endpoint?=N/A,Interface: Data Dump?,Interface: Is it queryable?,Interface: Browsable?,Collection: Size=<100000,Data size=UNKNOWN,Feature: Descriptive Metadata,Situation/Task=music history,Situation/Task=musicology,Target audience=researchers
c1209491c9c054ae361027edd6240f38,Resource type=Repository,Type: Collection,Purpose: Research,Scope: Temporal,Scope: Geographical,Scope: Genre,Scope: Formats=pdf,Scope: MO type=Score,Scope: Object type=Score,Access: Public,Access: license=Open Access,Access: Free/Charged=Free,Interface: Human consumption?,Interface: SPARQL endpoint?=N/A,Interface: Data Dump?,Interface: Browsable?,Collection: Size=<10000,Data size=UNKNOWN,Feature: Descriptive Metadata,Situation/Task=music history,Situation/Task=musicology,Target audience=researchers
30b38741e8754da31ac0935b8e66eaa4,Resource type=Repository,Type: Collection,Purpose: Research,Scope: Temporal,Scope: Geographical,Scope: Formats=pdf,Scope: MO type=Score,Scope: Object type=Score,Access: Public,Access: license=CC0,Access: Free/Charged=Free,Interface: Human consumption?,Interface: SPARQL endpoint?=N/A,Interface: Data Dump?,Interface: Is it queryable?,Interface: Browsable?,Collection: Size=<100000,Data size=UNKNOWN,Feature: Descriptive Metadata,Situation/Task=music history,Situation/Task=musicology,Target audience=researchers
b68a38403a33968042ff4f8eb7bc7a76,Resource type=Repository,Type: Collection,Purpose: Research,Scope: Formats=gif,Scope: MO type=Score,Scope: Object type=Score,Access: Public,Access: license=Open Access,Access: Free/Charged=Free,Format: Interoperable?,Interface: Human consumption?,Interface: SPARQL endpoint?=N/A,Interface: Browsable?,Collection: Size=<1000,Data size=UNKNOWN,Feature: Descriptive Metadata,Situation/Task=music history,Situation/Task=musicology,Target audience=researchers
c6704df252a5fac3cff6d5c2ffdd5c3c,Resource type=Repository,Type: Collection,Purpose: Research,Scope: Temporal,Scope: Geographical,Scope: Formats=pdf,Scope: Formats=jpg,Scope: Formats=tiff,Scope: MO type=Score,Scope: Object type=Score,Access: Public,Access: license=Open Access,Access: Free/Charged=Free,Format: Interoperable?,Interface: Human consumption?,Interface: API?,Interface: SPARQL endpoint?=N/A,Interface: Data Dump?,Interface: Browsable?,Collection: Size=<100000,Data size=~Gb,Feature: Structure,Feature: Descriptive Metadata,Situation/Task=archival studies,Situation/Task=history,Situation/Task=music history,Situation/Task=musicology,Target audience=researchers
f81b7b2f650311c5c097a76929208ae9,Resource type=Repository,Type: Collection,Purpose: Research,Scope: Geographical,Scope: Genre,Scope: Formats=pdf,Scope: Formats=iiif,Scope: Formats=mods/xml,Scope: Formats=mets/xml,Scope: MO type=Score,Scope: Object type=Score,Access: Public,Access: license=Open Access,Access: Free/Charged=Free,Format: Interoperable?,Interface: Human consumption?,Interface: API?,Interface: SPARQL endpoint?=N/A,Interface: Data Dump?,Interface: Is it queryable?,Interface: Browsable?,Collection: Size=<1000,Data size=UNKNOWN,Feature: Descriptive Metadata,Situation/Task=music history,Situation/Task=musicology,Situation/Task=performance,Target audience=researchers,Target audience=performers
7974dc4e00a51aa6e529d310776f1803,Resource type=Repository,Type: Collection,Purpose: Research,Scope: Geographical,Scope: Genre,Scope: Formats=png,Scope: Formats=mets/xml,Scope: MO type=Libretto,Scope: Object type=Libretto,Access: Public,Access: license=Open Access,Access: Free/Charged=Free,Format: Interoperable?,Interface: Human consumption?,Interface: API?,Interface: SPARQL endpoint?=N/A,Interface: Is it queryable?,Interface: Browsable?,Collection: Size=<10000,Data size=UNKNOWN,Feature: Descriptive Metadata,Situation/Task=music history,Situation/Task=musicology,Target audience=researchers
1bbc46140943ef0aa4fd7ccb258c8aad,Resource type=Repository,Type: Collection,Purpose: Research,Scope: Temporal,Scope: Geographical,Scope: Genre,Scope: Formats=jpg,Scope: MO type=Score,Scope: Object type=Score,Access: Public,Access: license=Open Access,Access: Free/Charged=Free,Format: Interoperable?,Interface: Human consumption?,Interface: SPARQL endpoint?=N/A,Interface: Browsable?,Collection: Size=<1000,Data size=UNKNOWN,Feature: Descriptive Metadata,Situation/Task=history,Situation/Task=architecture,Situation/Task=codicology,Situation/Task=paleography,Situation/Task=iconography,Situation/Task=musicology,Situation/Task=organology,Target audience=researchers
58268b8b0ab09fb88e90e42dcd5191c9,Resource type=Repository,Type: Collection,Affordance: Is playable?,Purpose: Research,Scope: Artist,Scope: Formats=pdf,Scope: Formats=mp3,Scope: MO type=Score,Scope: Object type=Score,Access: Public,Access: license=Open Access,Access: Free/Charged=Free,Interface: Human consumption?,Interface: SPARQL endpoint?=N/A,Interface: Browsable?,Collection: Size=<100,Data size=UNKNOWN,Feature: Descriptive Metadata,Situation/Task=music history,Situation/Task=musicology,Target audience=researchers
1e408078bd0f03d8b4b437d97a0c2ead,Resource type=Repository,Type: Collection,Purpose: Research,Scope: Artist,Scope: Formats=pdf,Scope: MO type=Score,Scope: Object type=Score,Access: Public,Access: license=Open Access,Access: Free/Charged=Free,Interface: Human consumption?,Interface: SPARQL endpoint?=N/A,Interface: Data Dump?,Interface: Browsable?,Collection: Size=<1000,Data size=~Gb,Feature: Descriptive Metadata,Situation/Task=music history,Situation/Task=musicology,Target audience=researchers
ba25b0195de2d52fc98f87798da11365,Resource type=Repository,Type: Collection,Purpose: Research,Scope: Temporal,Scope: Genre,Scope: Formats=jpg,Scope: MO type=Score,Scope: Object type=Score,Access: Public,Access: license=Open Access,Access: Free/Charged=Free,Format: Interoperable?,Interface: Human consumption?,Interface: SPARQL endpoint?=N/A,Interface: Browsable?,Collection: Size=<100,Data size=~Gb,Feature: Descriptive Metadata,Situation/Task=music history,Situation/Task=musicology,Target audience=researchers
ad08c98aaf46f518b06ad5c9091b9025,Resource type=Repository,Type: Collection,Purpose: Research,Scope: Geographical,Scope: Formats=pdf,Scope: MO type=MusicalWork,Scope: Object type=Musical resource,Access: Public,Access: license=Open Access,Access: Free/Charged=Free,Interface: Human consumption?,Interface: SPARQL endpoint?=N/A,Interface: Data Dump?,Interface: Browsable?,Collection: Size=<100,Data size=~Gb,Feature: Descriptive Metadata,Situation/Task=music history,Situation/Task=musicology,Target audience=researchers
f47ad72ceda681aa4d93e3fea99204fe,Resource type=Repository,Type: Collection,Affordance: Is playable?,Purpose: Research,Scope: Geographical,Scope: Formats=pdf,Scope: Formats=txt,Scope: Formats=jpg,Scope: Formats=mp3,Scope: MO type=Score,Scope: Object type=Score,Access: Public,Access: license=Open Access,Access: Free/Charged=Free,Format: Interoperable?,Interface: Human consumption?,Interface: SPARQL endpoint?=N/A,Interface: Data Dump?,Interface: Is it queryable?,Interface: Browsable?,Collection: Size=<10000,Data size=UNKNOWN,Feature: Descriptive Metadata,Situation/Task=music history,Situation/Task=musicology,Target audience=researchers
6d91cee4c04d7d233933df33d068cc9a,Resource type=Repository,Type: Collection,Affordance: Is playable?,Purpose: Research,Scope: Geographical,Scope: Formats=pdf,Scope: MO type=Score,Scope: Object type=Score,Access: Public,Access: license=CC0,Access: Free/Charged=Free,Interface: Human consumption?,Interface: SPARQL endpoint?=N/A,Interface: Data Dump?,Interface: Is it queryable?,Interface: Browsable?,Collection: Size=<10000,Data size=UNKNOWN,Feature: Descriptive Metadata,Situation/Task=music history,Situation/Task=musicology,Target audience=researchers
2719483152cd8b489c50f64abc12e9c4,Resource type=Repository,Type: Collection,Affordance: Is playable?,Purpose: Research,Scope: Temporal,Scope: Geographical,Scope: Genre,Scope: Formats=jpg,Scope: Formats=mp3,Scope: Formats=txt,Scope: MO type=Score,Scope: Object type=Score,Access: Public,Access: license=Open Access,Access: Free/Charged=Free,Format: Interoperable?,Interface: Human consumption?,Interface: SPARQL endpoint?=N/A,Interface: Data Dump?,Interface: Is it queryable?,Interface: Browsable?,Collection: Size=<10000,Data size=UNKNOWN,Symbolic: Machine readable?,Feature: Lyrics,Feature: Descriptive Metadata,Situation/Task=music history,Situation/Task=musicology,Target audience=researchers
f1715f1a8c702ac17b889d06fa3fc400,Resource type=Repository,Type: Collection,Purpose: Research,Scope: Temporal,Scope: Artist,Scope: Formats=jpg,Scope: MO type=Score,Scope: Object type=Score,Access: Public,Access: license=Open Access,Access: Free/Charged=Free,Format: Interoperable?,Interface: Human consumption?,Interface: SPARQL endpoint?=N/A,Interface: Is it queryable?,Interface: Browsable?,Collection: Size=<10000,Data size=UNKNOWN,Feature: Descriptive Metadata,Situation/Task=music history,Situation/Task=musicology,Target audience=researchers
41d81d9699501636f177ced94b85298e,Resource type=Repository,Type: Collection,Purpose: Research,Scope: Artist,Scope: Formats=pdf,Scope: Formats=jpg,Scope: Formats=tiff,Scope: Formats=mets/xml,Scope: Formats=mods/xml,Scope: MO type=Libretto,Scope: Object type=Libretto,Access: Public,Access: license=Open Access,Access: Free/Charged=Free,Format: Interoperable?,Interface: Human consumption?,Interface: API?,Interface: SPARQL endpoint?=N/A,Interface: Data Dump?,Interface: Browsable?,Collection: Size=<100000,Data size=~Gb,Feature: Structure,Feature: Descriptive Metadata,Situation/Task=music history,Situation/Task=musicology,Target audience=researchers
9a1e32aa84b42b9ed623708dd939e325,Resource type=Repository,Type: Collection,Purpose: Research,Scope: Artist,Scope: Formats=djvu,Scope: MO type=Score,Scope: Object type=Score,Access: Public,Access: license=Open Access,Access: Free/Charged=Free,Format: Interoperable?,Interface: Human consumption?,Interface: SPARQL endpoint?=N/A,Interface: Browsable?,Collection: Size=<100,Data size=~Gb,Feature: Descriptive Metadata,Situation/Task=music history,Situation/Task=musicology,Target audience=researchers
d2c326b1673d4d016e00f8d62b173fab,Resource type=Repository,Type: Collection,Affordance: Is playable?,Purpose: Research,Scope: Geographical,Scope: Formats=jpg,Scope: Formats=midi,Scope: MO type=Score,Scope: Object type=Score,Access: Public,Access: license=Open Access,Access: Free/Charged=Free,Format: Interoperable?,Interface: Human consumption?,Interface: SPARQL endpoint?=N/A,Interface: Is it queryable?,Interface: Browsable?,Collection: Size=<10000,Data size=UNKNOWN,Feature: Descriptive Metadata,Situation/Task=music history,Situation/Task=musicology,Target audience=researchers
c7a8e73ff84ecdee24cd6e4605114b38,Resource type=Repository,Type: Collection,Affordance: Is playable?,Purpose: Research,Scope: Temporal,Scope: Genre,Scope: Formats=pdf,Scope: Formats=mp3,Scope: MO type=Score,Scope: Object type=Score,Access: Public,Access: license=Open Access,Access: Free/Charged=Free,Format: Interoperable?,Interface: Human consumption?,Interface: SPARQL endpoint?=N/A,Interface: Data Dump?,Interface: Browsable?,Collection: Size=<1000,Data size=UNKNOWN,Feature: Descriptive Metadata,Situation/Task=music history,Situation/Task=musicology,Target audience=researchers
4fd0dfe3d23a431ded357bde39457f2c,Resource type=Repository,Type: Collection,Affordance: Is playable?,Purpose: Research,Scope: Temporal,Scope: Geographical,Scope: Genre,Scope: Formats=jpg,Scope: Formats=pdf,Scope: Formats=midi,Scope: MO type=Score,Scope: Object type=Score,Access: Public,Access: license=Open Access,Access: Free/Charged=Free,Format: Interoperable?,Interface: Human consumption?,Interface: SPARQL endpoint?=N/A,Interface: Data Dump?,Interface: Is it queryable?,Interface: Browsable?,Collection: Size=<10000,Data size=UNKNOWN,Feature: Descriptive Metadata,Situation/Task=music history,Situation/Task=musicology,Target audience=researchers
83bcc58b137b84e2a930967ce36b483f,Resource type=Repository,Type: Collection,Purpose: Research,Scope: Artist,Scope: Formats=jpg,Scope: Formats=iiif,Scope: MO type=Score,Scope: Object type=Score,Access: Public,Access: license=Open Access,Access: Free/Charged=Free,Format: Interoperable?,Interface: Human consumption?,Interface: API?,Interface: SPARQL endpoint?=N/A,Interface: Browsable?,Collection: Size=<1000,Data size=UNKNOWN,Feature: Descriptive Metadata,Situation/Task=music history,Situation/Task=musicology,Target audience=researchers
6cef07cb7e4cdf1970c2ffb0c380ca5b,Resource type=Repository,Type: Collection,Purpose: Research,Scope: Genre,Scope: Formats=pdf,Scope: MO type=Score,Scope: Object type=Score,Access: Public,Access: license=Open Access,Access: Free/Charged=Free,Interface: Human consumption?,Interface: SPARQL endpoint?=N/A,Interface: Data Dump?,Interface: Browsable?,Collection: Size=<10,Data size=UNKNOWN,Feature: Descriptive Metadata,Situation/Task=music history,Situation/Task=musicology,Target audience=researchers
b9e49d3181821156e4c6e48aeca8feba,Resource type=Repository,Type: Collection,Purpose: Research,Scope: Geographical,Scope: Genre,Scope: Formats=jpg,Scope: MO type=Score,Scope: Object type=Score,Access: Public,Access: license=Open Access,Access: Free/Charged=Free,Format: Interoperable?,Interface: Human consumption?,Interface: SPARQL endpoint?=N/A,Interface: Data Dump?,Interface: Is it queryable?,Interface: Browsable?,Collection: Size=<10000,Data size=UNKNOWN,Feature: Descriptive Metadata,Situation/Task=music history,Situation/Task=musicology,Target audience=researchers
24eb2a53ed3e9f54a971c8147781c8e9,Resource type=Repository,Type: Collection,Purpose: Research,Scope: Geographical,Scope: Genre,Scope: Formats=tiff,Scope: MO type=Score,Scope: Object type=Score,Access: Public,Access: license=Open Access,Access: Free/Charged=Free,Format: Interoperable?,Interface: Human consumption?,Interface: SPARQL endpoint?=N/A,Interface: Data Dump?,Interface: Is it queryable?,Interface: Browsable?,Collection: Size=<100,Data size=UNKNOWN,Feature: Descriptive Metadata,Situation/Task=music history,Situation/Task=musicology,Target audience=researchers
8fd6ac5332d2fd4e4654de8dbafb6e20,Resource type=Repository,Type: Collection,Purpose: Research,Scope: Genre,Scope: Formats=jpg,Scope: MO type=Score,Scope: Object type=Score,Access: Public,Access: license=Open Access,Access: Free/Charged=Free,Format: Interoperable?,Interface: Human consumption?,Interface: SPARQL endpoint?=N/A,Interface: Data Dump?,Interface: Is it queryable?,Interface: Browsable?,Collection: Size=<1000,Data size=UNKNOWN,Feature: Descriptive Metadata,Situation/Task=music history,Situation/Task=musicology,Target audience=researchers
06714f0bffc542728210b4bf51988b1d,Resource type=Repository,Type: Collection,Affordance: Is playable?,Purpose: Research,Scope: Geographical,Scope: Genre,Scope: Formats=pdf,Scope: Formats=audio,Scope: MO type=Score,Scope: Object type=Score,Access: Public,Access: license=Open Access,Access: Free/Charged=Free,Interface: Human consumption?,Interface: SPARQL endpoint?=N/A,Interface: Data Dump?,Interface: Is it queryable?,Interface: Browsable?,Collection: Size=<100,Data size=UNKNOWN,Feature: Descriptive Metadata,Situation/Task=music history,Situation/Task=musicology,Target audience=researchers
1660d173561a792a3e6e02afd3ac78c9,Resource type=Repository,Type: Collection,Affordance: Is playable?,Purpose: Research,Scope: Geographical,Scope: Genre,Scope: Formats=jpg,Scope: Formats=audio,Scope: Formats=rdf,Scope: Formats=json,Scope: Formats=xml,Scope: MO type=Track,Scope: Object type=Audio,Access: Public,Access: license=Copyright,Access: Free/Charged=Free,Format: Interoperable?,Interface: Human consumption?,Interface: API?,Interface: SPARQL endpoint?=N/A,Interface: Data Dump?,Interface: Is it queryable?,Interface: Browsable?,Collection: Size=<10000,Data size=UNKNOWN,Feature: Descriptive Metadata,Situation/Task=music history,Situation/Task=musicology,Situation/Task=performance,Target audience=researchers,Target audience=performers
01584e0befff50772a252cf374e206e6,Resource type=Repository,Type: Collection,Purpose: Research,Scope: Temporal,Scope: Geographical,Scope: Genre,Scope: Formats=gif,Scope: MO type=MusicalWork,Scope: Object type=Musical resource,Access: Public,Access: license=Open Access,Access: Free/Charged=Free,Format: Interoperable?,Interface: Human consumption?,Interface: SPARQL endpoint?=N/A,Interface: Is it queryable?,Interface: Browsable?,Collection: Size=<100000,Data size=UNKNOWN,Feature: Descriptive Metadata,Situation/Task=music history,Situation/Task=musicology,Situation/Task=performance,Target audience=researchers,Target audience=performers
03265009e1c35fab1da7b1591eefc220,Resource type=Repository,Type: Collection,Affordance: Is playable?,Purpose: Research,Scope: Geographical,Scope: Genre,Scope: Formats=midi,Scope: Formats=mp3,Scope: MO type=Track,Scope: Object type=Audio,Access: Public,Access: license=Open Access,Access: Free/Charged=Free,Format: Interoperable?,Interface: Human consumption?,Interface: SPARQL endpoint?=N/A,Interface: Data Dump?,Interface: Browsable?,Collection: Size=<10000,Data size=UNKNOWN,Feature: Lyrics,Feature: Structure,Feature: Descriptive Metadata,Situation/Task=music history,Situation/Task=musicology,Target audience=researchers
61605451de2696a5ebf099841fde27dd,Resource type=Repository,Type: Collection,Purpose: Research,Scope: Genre,Scope: Formats=pdf,Scope: MO type=Score,Scope: Object type=Score,Access: Public,Access: license=Open Access,Access: Free/Charged=Free,Interface: Human consumption?,Interface: SPARQL endpoint?=N/A,Interface: Data Dump?,Interface: Browsable?,Collection: Size=<100,Data size=UNKNOWN,Feature: Descriptive Metadata,Situation/Task=music history,Situation/Task=musicology,Target audience=researchers
d202f065ad9017a2cebc4faba35a2508,Resource type=Repository,Type: Collection,Purpose: Research,Scope: Genre,Scope: Formats=jpg,Scope: MO type=Score,Scope: Object type=Score,Access: Public,Access: license=Open Access,Access: Free/Charged=Free,Format: Interoperable?,Interface: Human consumption?,Interface: SPARQL endpoint?=N/A,Interface: Data Dump?,Interface: Browsable?,Collection: Size=<100,Data size=UNKNOWN,Situation/Task=music history,Situation/Task=musicology,Target audience=researchers
81601c8bff046d273a8191ed445fe0b5,Resource type=Repository,Type: Collection,Purpose: Research,Scope: Genre,Scope: Formats=txt,Scope: MO type=MusicalWork,Scope: Object type=Musical resource,Access: Public,Access: license=Open Access,Access: Free/Charged=Free,Format: Interoperable?,Interface: Human consumption?,Interface: SPARQL endpoint?=N/A,Interface: Data Dump?,Collection: Size=<100,Data size=~Mb,Symbolic: Machine readable?,Feature: Lyrics,Feature: Structure,Feature: Descriptive Metadata,Situation/Task=music history,Situation/Task=musicology,Target audience=researchers
b94b8c54a708e1fd5fa9da2b0fabe191,Resource type=Repository,Type: Collection,Affordance: Is playable?,Purpose: Research,Scope: Temporal,Scope: Genre,Scope: Formats=png,Scope: Formats=pdf,Scope: Formats=finale,Scope: MO type=Score,Scope: Object type=Score,Access: Public,Access: license=Open Access,Access: Free/Charged=Free,Format: Interoperable?,Interface: Human consumption?,Interface: SPARQL endpoint?=N/A,Interface: Is it queryable?,Interface: Browsable?,Collection: Size=<1000,Data size=N/A,Symbolic: Machine readable?,Feature: Melody,Feature: Harmony,Feature: Lyrics,Feature: Rhythm,Feature: Descriptive Metadata,Situation/Task=music history,Situation/Task=musicology,Situation/Task=comparative studies,Target audience=researchers
32b112bf56d939665b8d25a8a9c1e5be,Resource type=Repository,Type: Collection,Purpose: Research,Scope: Genre,Scope: MO type=Score,Scope: Object type=Score,Access: Public,Access: license=Open Access,Access: Free/Charged=Free,Format: Interoperable?,Interface: Human consumption?,Interface: SPARQL endpoint?=N/A,Interface: Is it queryable?,Interface: Browsable?,Collection: Size=<1000,Data size=UNKNOWN,Symbolic: Machine readable?,Feature: Lyrics,Feature: Structure,Feature: Descriptive Metadata,Situation/Task=music history,Situation/Task=musicology,Situation/Task=comparative studies,Target audience=researchers
05188dcea9f9e60215dc9346a3476f97,Resource type=Repository,Type: Collection,Purpose: Research,Scope: Genre,Scope: Formats=pdf,Scope: MO type=Score,Scope: Object type=Score,Access: Public,Access: license=Open Access,Access: Free/Charged=Free,Interface: Human consumption?,Interface: SPARQL endpoint?=N/A,Interface: Browsable?,Collection: Size=<100,Data size=UNKNOWN,Situation/Task=music history,Situation/Task=musicology,Target audience=researchers
dbc7583b2bd5f7453992c96eac6d6739,Resource type=Repository,Type: Collection,Purpose: Research,Scope: Geographical,Scope: Genre,Scope: Formats=pdf,Scope: MO type=Score,Scope: Object type=Score,Access: Public,Access: license=Open Access,Access: Free/Charged=Free,Interface: Human consumption?,Interface: SPARQL endpoint?=N/A,Interface: Browsable?,Collection: Size=<1000,Data size=UNKNOWN,Situation/Task=music history,Situation/Task=musicology,Target audience=researchers
61042e6da87bbcd743cb28ed24721e84,Resource type=Repository,Type: Collection,Purpose: Research,Scope: Genre,Scope: Formats=jpg,Scope: MO type=Score,Scope: Object type=Score,Access: Public,Access: license=Open Access,Access: Free/Charged=Free,Format: Interoperable?,Interface: Human consumption?,Interface: SPARQL endpoint?=N/A,Interface: Is it queryable?,Interface: Browsable?,Collection: Size=<100,Data size=UNKNOWN,Feature: Descriptive Metadata,Situation/Task=music history,Situation/Task=musicology,Target audience=researchers
e1f71c23d0feee17bc4104ba5897def7,Resource type=Repository,Type: Collection,Purpose: Research,Scope: Temporal,Scope: Geographical,Scope: Genre,Scope: MO type=Score,Scope: Object type=Score,Access: Public,Access: license=Open Access,Access: Free/Charged=Free,Format: Interoperable?,Interface: Human consumption?,Interface: SPARQL endpoint?=N/A,Interface: Is it queryable?,Interface: Browsable?,Collection: Size=<100000,Data size=UNKNOWN,Symbolic: Machine readable?,Feature: Melody,Feature: Descriptive Metadata,Situation/Task=music history,Situation/Task=musicology,Target audience=researchers
c3d169fd82e5a88a63e537b8959ef6a5,Resource type=Repository,Type: Collection,Purpose: Research,Scope: Temporal,Scope: Geographical,Scope: Genre,Scope: Formats=pdf,Scope: MO type=MusicalWork,Scope: Object type=Musical resource,Access: Public,Access: license=Open Access,Access: Free/Charged=Free,Interface: Human consumption?,Interface: SPARQL endpoint?=N/A,Interface: Browsable?,Collection: Size=<1000,Data size=~Gb,Feature: Lyrics,Feature: Descriptive Metadata,Situation/Task=music history,Situation/Task=musicology,Target audience=researchers
98e994f3e911e0822a12d685eaf82fe6,Resource type=Repository,Type: Collection,Purpose: Research,Scope: Genre,Scope: Formats=jpg,Scope: MO type=Score,Scope: Object type=Score,Access: Public,Access: license=Open Access,Access: Free/Charged=Free,Format: Interoperable?,Interface: Human consumption?,Interface: SPARQL endpoint?=N/A,Interface: Browsable?,Collection: Size=<1000,Data size=UNKNOWN,Feature: Descriptive Metadata,Situation/Task=music history,Situation/Task=musicology,Target audience=researchers
006c6defe0687a09eed85df7d919e156,Resource type=Repository,Type: Collection,Purpose: Research,Scope: Temporal,Scope: Genre,Scope: Formats=pdf,Scope: Formats=jpg,Scope: MO type=Score,Scope: Object type=Score,Access: Public,Access: license=CC-BY-SA,Access: Free/Charged=Free,Interface: Human consumption?,Interface: SPARQL endpoint?=N/A,Interface: Data Dump?,Interface: Is it queryable?,Interface: Browsable?,Collection: Size=<10000,Data size=UNKNOWN,Feature: Descriptive Metadata,Situation/Task=music history,Situation/Task=musicology,Target audience=researchers
6632abfadf9f2077b57eabeebcf4ea1e,Resource type=Repository,Type: Collection,Purpose: Research,Scope: Artist,Scope: Formats=jpg,Scope: MO type=Score,Scope: Object type=Score,Access: Public,Access: license=Open Access,Access: Free/Charged=Free,Format: Interoperable?,Interface: Human consumption?,Interface: SPARQL endpoint?=N/A,Interface: Browsable?,Collection: Size=<100,Data size=UNKNOWN,Feature: Descriptive Metadata,Situation/Task=music history,Situation/Task=musicology,Target audience=researchers
4059327dd8e6ff43d8363f6f1ca161b0,Resource type=Repository,Type: Collection,Purpose: Research,Scope: Artist,Scope: Formats=jpg,Scope: MO type=Score,Scope: Object type=Score,Access: Public,Access: license=Open Access,Access: Free/Charged=Free,Format: Interoperable?,Interface: Human consumption?,Interface: SPARQL endpoint?=N/A,Interface: Is it queryable?,Interface: Browsable?,Collection: Size=<1000,Data size=UNKNOWN,Feature: Descriptive Metadata,Situation/Task=music history,Situation/Task=musicology,Target audience=researchers
906ce11940ca5366a54b0ee2a098e95a,Resource type=Repository,Type: Collection,Purpose: Research,Scope: Artist,Scope: Formats=jpg,Scope: Formats=mets/xml,Scope: MO type=Score,Scope: Object type=Score,Access: Public,Access: license=CC-BY-NC-SA,Access: Free/Charged=Free,Format: Interoperable?,Interface: Human consumption?,Interface: SPARQL endpoint?=N/A,Interface: Data Dump?,Interface: Is it queryable?,Interface: Browsable?,Collection: Size=UNKNOWN,Data size=UNKNOWN,Feature: Descriptive Metadata,Situation/Task=music history,Situation/Task=musicology,Target audience=researchers
2ad3b26a69b0f03a0384afa482186d40,Resource type=Repository,Type: Collection,Purpose: Research,Scope: Geographical,Scope: Genre,Scope: MO type=Score,Scope: Object type=Score,Access: Public,Access: license=Open Access,Access: Free/Charged=Free,Format: Interoperable?,Interface: Human consumption?,Interface: SPARQL endpoint?=N/A,Interface: Is it queryable?,Interface: Browsable?,Collection: Size=UNKNOWN,Data size=UNKNOWN,Symbolic: Machine readable?,Feature: Melody,Feature: Descriptive Metadata,Situation/Task=music history,Situation/Task=musicology,Target audience=researchers
b5818f878a6b7596bcb09a2fed2533af,Resource type=Repository,Type: Collection,Affordance: Is playable?,Purpose: Research,Scope: Geographical,Scope: Formats=midi,Scope: Formats=jpg,Scope: MO type=Score,Scope: Object type=Score,Access: Public,Access: license=Open Access,Access: Free/Charged=Free,Format: Interoperable?,Interface: Human consumption?,Interface: SPARQL endpoint?=N/A,Interface: Is it queryable?,Interface: Browsable?,Collection: Size=<1M,Data size=UNKNOWN,Symbolic: Machine readable?,Feature: Melody,Feature: Descriptive Metadata,Situation/Task=music history,Situation/Task=musicology,Target audience=researchers
0f999e294610cf88112dcb4817a1b582,Resource type=Repository,Type: Collection,Purpose: Research,Scope: Geographical,Scope: Formats=jpg,Scope: Formats=pdf,Scope: MO type=Score,Scope: Object type=Score,Access: Public,Access: license=Open Access,Access: Free/Charged=Free,Format: Interoperable?,Interface: Human consumption?,Interface: SPARQL endpoint?=N/A,Interface: Is it queryable?,Interface: Browsable?,Collection: Size=<1000,Data size=UNKNOWN,Feature: Descriptive Metadata,Situation/Task=music history,Situation/Task=musicology,Target audience=researchers
7883f6b2e284f49a54c6e98443e06fb1,Resource type=Repository,Type: Collection,Purpose: Research,Scope: Formats=rdf,Scope: MO type=MusicalWork,Scope: Object type=Musical resource,Access: Public,Access: license=Open Access,Access: Free/Charged=Free,Format: Interoperable?,Interface: Human consumption?,Interface: SPARQL endpoint?,SPARQL endpoint URI=http://data.rism.info/sparql,Interface: Data Dump?,Interface: Is it queryable?,Interface: Browsable?,Collection: Size=>1M,Data size=UNKNOWN,Symbolic: Machine readable?,Feature: Melody,Feature: Descriptive Metadata,Situation/Task=music history,Situation/Task=musicology,Target audience=researchers
7e66780892a63e20ca087313c49b27d0,Resource type=Repository,Type: Collection,Affordance: Is playable?,Purpose: Learning,Scope: Temporal,Scope: Genre,Scope: Formats=midi,Scope: Formats=jpg,Scope: MO type=Score,Scope: Object type=Score,Access: Public,Access: license=Open Access,Access: Free/Charged=Free,Format: Interoperable?,Interface: Human consumption?,Interface: SPARQL endpoint?=N/A,Interface: Data Dump?,Interface: Browsable?,Collection: Size=<100,Data size=UNKNOWN,Feature: Descriptive Metadata,Situation/Task=music learning,Target audience=scholars
48713111b30384f109f33a2b1efb228f,Resource type=Repository,Type: Collection,Affordance: Is playable?,Purpose: Research,Scope: Formats=audio,Scope: MO type=Track,Scope: Object type=Audio,Access: Public,Access: license=Open Access,Access: Free/Charged=Free,Format: Interoperable?,Interface: Human consumption?,Interface: SPARQL endpoint?=N/A,Interface: Is it queryable?,Interface: Browsable?,Collection: Size=<100000,Data size=UNKNOWN,Feature: Timbre,Feature: Contour/Shape,Feature: Descriptive Metadata,Situation/Task=music history,Situation/Task=musicology,Situation/Task=music listening,Target audience=researchers,Target audience=amateurs
5c7349a4756b25259782fce71624de68,Resource type=Repository,Type: Collection,Affordance: Is playable?,Purpose: Research,Scope: Artist,Scope: Formats=ram,Scope: MO type=Track,Scope: Object type=Audio,Access: Public,Access: license=Open Access,Access: Free/Charged=Free,Format: Interoperable?,Interface: Human consumption?,Interface: SPARQL endpoint?=N/A,Interface: Data Dump?,Interface: Browsable?,Collection: Size=<100,Data size=UNKNOWN,Feature: Descriptive Metadata,Situation/Task=music listening,Target audience=amateurs
888636f751ac5302244d369a16ff21a2,Resource type=Repository,Type: Collection,Affordance: Is playable?,Purpose: Research,Scope: Geographical,Scope: Formats=audio,Scope: MO type=Track,Scope: Object type=Audio,Access: Public,Access: license=Open Access,Access: Free/Charged=Free,Interface: Human consumption?,Interface: SPARQL endpoint?=N/A,Interface: Is it queryable?,Interface: Browsable?,Collection: Size=<100000,Data size=UNKNOWN,Feature: Descriptive Metadata,Situation/Task=music listening,Target audience=amateurs
b5adc9e19b4329db2ecd8d26603679ff,Resource type=Repository,Type: Collection,Affordance: Is playable?,Purpose: Learning,Purpose: Research,Scope: Temporal,Scope: Genre,Scope: Formats=midi,Scope: MO type=Track,Scope: Object type=Audio,Access: Public,Access: license=Open Access,Access: Free/Charged=Free,Format: Interoperable?,Interface: Human consumption?,Interface: SPARQL endpoint?=N/A,Interface: Data Dump?,Interface: Is it queryable?,Interface: Browsable?,Collection: Size=<10000,Data size=UNKNOWN,Feature: Descriptive Metadata,Situation/Task=music listening,Target audience=amateurs
0e21c25139ad594293527ab9c06029c2,Resource type=Repository,Type: Collection,Affordance: Is playable?,Purpose: Research,Scope: Temporal,Scope: Geographical,Scope: Genre,Scope: Formats=audio,Scope: MO type=Track,Scope: Object type=Audio,Access: Public,Access: license=Open Access,Access: Free/Charged=Free,Interface: Human consumption?,Interface: SPARQL endpoint?=N/A,Interface: Browsable?,Collection: Size=<100,Data size=UNKNOWN,Feature: Descriptive Metadata,Situation/Task=music listening,Target audience=amateurs
29f293eac0c05510836f5981de0ed987,Resource type=Repository,Type: Collection,Affordance: Is playable?,Purpose: Learning,Purpose: Research,Scope: Genre,Scope: Formats=audio,Scope: Formats=xls,Scope: MO type=Track,Scope: Object type=Audio,Access: Public,Access: license=Open Access,Access: Free/Charged=Free,Format: Interoperable?,Interface: Human consumption?,Interface: SPARQL endpoint?=N/A,Interface: Data Dump?,Interface: Is it queryable?,Interface: Browsable?,Collection: Size=<100000,Data size=UNKNOWN,Feature: Descriptive Metadata,Situation/Task=music listening,Target audience=amateurs
6fdef9674bb3f20a49eb6ea3a3bbb1a2,Resource type=Repository,Type: Collection,Affordance: Is playable?,Purpose: Research,Scope: Temporal,Scope: Geographical,Scope: Formats=audio,Scope: MO type=Track,Scope: Object type=Audio,Access: Public,Access: license=Open Access,Access: Free/Charged=Free,Format: Interoperable?,Interface: Human consumption?,Interface: SPARQL endpoint?=N/A,Interface: Is it queryable?,Interface: Browsable?,Collection: Size=<10000,Data size=UNKNOWN,Feature: Descriptive Metadata,Situation/Task=music listening,Target audience=amateurs
b7f9cb94047c954a8bb9a3e11778cb96,Resource type=Repository,Type: Collection,Affordance: Is playable?,Purpose: Learning,Scope: Genre,Scope: Formats=midi,Scope: MO type=Track,Scope: Object type=Audio,Access: Public,Access: license=Open Access,Access: Free/Charged=Free,Format: Interoperable?,Interface: Human consumption?,Interface: SPARQL endpoint?=N/A,Interface: Data Dump?,Interface: Browsable?,Collection: Size=<10000,Data size=UNKNOWN,Feature: Descriptive Metadata,Situation/Task=music listening,Target audience=amateurs
8f9e6769ea5716871d916d6777a8b439,Resource type=Repository,Type: Collection,Affordance: Is playable?,Purpose: Learning,Purpose: Research,Scope: Temporal,Scope: Geographical,Scope: Formats=mp3,Scope: MO type=Track,Scope: Object type=Audio,Access: Public,Access: license=Open Access,Access: Free/Charged=Free,Format: Interoperable?,Interface: Human consumption?,Interface: SPARQL endpoint?=N/A,Interface: Data Dump?,Interface: Is it queryable?,Interface: Browsable?,Collection: Size=UNKNOWN,Data size=UNKNOWN,Feature: Descriptive Metadata,Situation/Task=music listening,Target audience=amateurs
eaa4040b233c8663f21f0e464e6f64ac,Resource type=Repository,Type: Collection,Purpose: Research,Scope: Temporal,Scope: Geographical,Scope: Genre,Scope: Formats=tei/xml,Scope: Formats=pdf,Scope: MO type=MusicalWork,Scope: Object type=Musical resource,Access: Public,Access: license=Open Access,Access: Free/Charged=Free,Format: Interoperable?,Interface: Human consumption?,Interface: SPARQL endpoint?=N/A,Interface: Is it queryable?,Interface: Browsable?,Collection: Size=<10000,Data size=UNKNOWN,Feature: Lyrics,Feature: Structure,Feature: Descriptive Metadata,Situation/Task=music history,Situation/Task=musicology,Target audience=researchers
53a9743d48d6a6a8edfc963b22b9b0bc,Resource type=Repository,Type: Collection,Purpose: Research,Scope: Temporal,Scope: Geographical,Scope: Genre,Scope: MO type=MusicalWork,Scope: Object type=Musical resource,Access: Public,Access: license=Open Access,Access: Free/Charged=Free,Format: Interoperable?,Interface: Human consumption?,Interface: SPARQL endpoint?=N/A,Interface: Is it queryable?,Interface: Browsable?,Collection: Size=<10000,Data size=UNKNOWN,Feature: Lyrics,Feature: Structure,Feature: Descriptive Metadata,Situation/Task=music history,Situation/Task=musicology,Target audience=researchers
786ad0983e6d233abd64e9cc6794160b,Resource type=Repository,Type: Collection,Affordance: Is playable?,Purpose: Research,Scope: Temporal,Scope: Formats=midi,Scope: Formats=mp3,Scope: Formats=humdrum,Scope: Formats=mei/xml,Scope: Formats=musicxml,Scope: MO type=Score,Scope: Object type=Score,Access: Public,Access: license=Open Access,Access: Free/Charged=Free,Format: Interoperable?,Interface: Human consumption?,Interface: SPARQL endpoint?=N/A,Interface: Browsable?,Collection: Size=<100,Data size=UNKNOWN,Symbolic: Machine readable?,Feature: Melody,Feature: Harmony,Feature: Lyrics,Feature: Rhythm,Feature: Timbre,Feature: Contour/Shape,Feature: Structure,Feature: Descriptive Metadata,Situation/Task=music history,Situation/Task=musicology,Target audience=researchers
f4a9b44c56d7d7bc55e3668fa73239d5,Resource type=Repository,Type: Collection,Affordance: Is playable?,Purpose: Learning,Scope: Formats=pdf,Scope: Formats=midi,Scope: MO type=Score,Scope: Object type=Score,Access: Public,Access: license=Open Access,Access: Free/Charged=Free and Charged,Format: Interoperable?,Interface: Human consumption?,Interface: SPARQL endpoint?=N/A,Interface: Data Dump?,Interface: Is it queryable?,Interface: Browsable?,Collection: Size=<10000,Data size=UNKNOWN,Feature: Descriptive Metadata,Situation/Task=music learning,Target audience=scholars
aa9eb0e648f50c287484cada75a9c814,Resource type=Repository,Type: Collection,Affordance: Is playable?,Purpose: Learning,Scope: Formats=mp3,Scope: Formats=midi,Scope: Formats=pdf,Scope: MO type=Score,Scope: Object type=Score,Access: Public,Access: license=Open Access,Access: Free/Charged=Free,Format: Interoperable?,Interface: Human consumption?,Interface: SPARQL endpoint?=N/A,Interface: Data Dump?,Interface: Is it queryable?,Interface: Browsable?,Collection: Size=<100000,Data size=UNKNOWN,Feature: Descriptive Metadata,Situation/Task=music learning,Situation/Task=performance,Target audience=scholars,Target audience=performers
8a0152fe0d162b410de71d7401c11881,Resource type=Repository,Type: Collection,Affordance: Is playable?,Purpose: Learning,Scope: Formats=pdf,Scope: Formats=audio,Scope: MO type=Score,Scope: Object type=Score,Access: Public,Access: license=CC0,Access: Free/Charged=Free,Interface: Human consumption?,Interface: SPARQL endpoint?=N/A,Interface: Data Dump?,Interface: Browsable?,Collection: Size=<1M,Data size=UNKNOWN,Feature: Descriptive Metadata,Situation/Task=music learning,Situation/Task=performance,Target audience=scholars,Target audience=performers
911a6ba864128a3a9604862b7ac2a5b0,Resource type=Repository,Type: Collection,Purpose: Learning,Purpose: Research,Scope: Genre,Scope: Formats=pdf,Scope: MO type=Score,Scope: Object type=Score,Access: Public,Access: license=Open Access,Access: Free/Charged=Free,Interface: Human consumption?,Interface: SPARQL endpoint?=N/A,Interface: Data Dump?,Interface: Browsable?,Collection: Size=UNKNOWN,Data size=UNKNOWN,Feature: Descriptive Metadata,Situation/Task=music learning,Situation/Task=performance,Situation/Task=history of theatre,Target audience=scholars,Target audience=performers,Target audience=researchers
21760433ae9da887d7d32bf7e50d7ed3,Resource type=Repository,Type: Collection,Affordance: Is playable?,Purpose: Learning,Scope: Formats=midi,Scope: Formats=pdf,Scope: Formats=lilypond,Scope: MO type=Score,Scope: Object type=Score,Access: Public,Access: license=CC-BY,Access: Free/Charged=Free,Format: Interoperable?,Interface: Human consumption?,Interface: SPARQL endpoint?=N/A,Interface: Data Dump?,Interface: Browsable?,Collection: Size=<10000,Data size=UNKNOWN,Symbolic: Machine readable?,Feature: Melody,Feature: Harmony,Feature: Lyrics,Feature: Rhythm,Feature: Structure,Feature: Descriptive Metadata,Situation/Task=music learning,Situation/Task=performance,Target audience=scholars,Target audience=performers
0cead912daca428d167854fd2f42d4df,Resource type=Repository,Type: Collection,Affordance: Is playable?,Scope: Formats=rdf,Scope: MO type=MusicalWork,Scope: Object type=Musical resource,Access: Public,Access: license=Open Access,Access: Free/Charged=Free,Format: Interoperable?,Interface: Human consumption?,Interface: Browsable?,Collection: Size=UNKNOWN,Data size=UNKNOWN,Feature: Descriptive Metadata,Situation/Task=music listening,Target audience=amateurs
45cdf8e5c8c6d4afe7d13a30e4a38d47,Resource type=Repository,Type: Collection,Affordance: Is playable?,Purpose: Research,Scope: Formats=midi,Scope: MO type=Signal,Scope: Object type=Audio,Access: Public,Access: license=Open Access,Access: Free/Charged=Free,Format: Interoperable?,Interface: Human consumption?,Interface: SPARQL endpoint?=N/A,Interface: Is it queryable?,Collection: Size=UNKNOWN,Data size=UNKNOWN,Symbolic: Machine readable?,Feature: Melody,Feature: Harmony,Feature: Lyrics,Feature: Rhythm,Feature: Timbre,Feature: Contour/Shape,Feature: Structure,Feature: Descriptive Metadata,Situation/Task=music history,Situation/Task=musicology,Situation/Task=music information retrieval,Situation/Task=music annotation,Situation/Task=performance,Target audience=researchers,Target audience=scholars,Target audience=performers
8851385a34c57031977528b85ec3d09f,Resource type=Repository,Type: Collection,Scope: MO type=MusicalWork,Scope: Object type=Musical resource,Access: Public,Access: license=Open Access,Access: Free/Charged=Free,Format: Interoperable?,Interface: Human consumption?,Interface: API?,Interface: SPARQL endpoint?=N/A,Interface: Is it queryable?,Interface: Browsable?,Collection: Size=>1M,Data size=UNKNOWN,Feature: Lyrics,Feature: Descriptive Metadata,Situation/Task=music learning,Situation/Task=performance,Target audience=scholars,Target audience=performers
d730587d953c1ff384398537e85eda50,Resource type=Repository,Type: Collection,Purpose: Research,Scope: Formats=rdf,Scope: MO type=MusicalWork,Scope: Object type=Musical resource,Access: Public,Access: license=Open Access,Access: Free/Charged=Free,Format: Interoperable?,Interface: Human consumption?,Interface: Browsable?,Collection: Size=UNKNOWN,Data size=UNKNOWN,Feature: Descriptive Metadata,Situation/Task=music history,Situation/Task=musicology,Target audience=researchers
